nomCru	country_label	subregion_label	area_label	label	millesime	volume	date_achat	prix	cote	quantite_courante	quantite_achat	garde_min	garde_max	garde_optimum	suggestion	comment	lieu_achat	canal_vente
A. Chauvet - Cachet Rouge - Millésimé	France	Champagne	Champagne Grand Cru	blanc effervescent	2008	75 cl	2016-03-11	28	28	0	3	2	10	2			salon de la gastro Annecy le vieux	En direct du producteur
A. Chauvet - Cachet Vert	France	Champagne	Champagne	blanc effervescent	-0	75 cl	2016-03-11	17.8	17.8	0	3	2	10	2		à boire avant 2018	salon de la gastro Annecy le vieux	En direct du producteur
A. Chauvet - Carte Blanche	France	Champagne	Champagne	blanc effervescent	-0	75 cl	2018-10-21	18.4	18.4	0	3	2	10	2		le champagne classique mais bien fait	salon mer &amp; vigne Annecy le Vieux 2018	Salon de vignerons
A. Chauvet - Grand Rosé	France	Champagne	Champagne	rosé effervescent	2007	75 cl	2016-03-11	28	28	0	3	2	10	2			salon de la gastro Annecy le vieux	En direct du producteur
Aalto	Espagne	Castille-Leon	Ribera del Duero	rouge	2013	75 cl	2016-04-20	27.5	27.5	0	3	1	5	1	Rôtis / viandes rouges / pot-au-feu / agneau aux fines herbes / jambon / charcuteries	tempranillo. Oenologue Mariano García (Vega Sicilia).. Robe :Intense / sombre / brillant / robe intense. Nez : Arômes fruités / arômes de fleurs / réglisse / encens / épices / frais / vanille / moka / tabac / notes minérales / harmonieux / persistant. Bouche : Intense / ample / élégant / fruité / charnu / corpulent / enveloppant / crémeux / long	Vinissimus	Achat sur Internet
Aalto	Espagne	Castille-Leon	Ribera del Duero	rouge	2014	75 cl	2016-12-01	29.9	29.9	1	6	2	16	9	carré d'agneau et gratin dauphinois, entrecôte bordelaise	ouvrir &amp;h avant et carafer	1jour1vin	Achat sur Internet
Adriano Ramos Pinto - Duas Quintas	Portugal	Duriense-Douro-Porto	Douro	rouge	2008	75 cl	2012-06-17	0	0	0	1	5	6	5		chez Nicolas.. Grillades	fete desperes 2012	Caviste
Adriano Ramos Pinto - Duas Quintas	Portugal	Duriense-Douro-Porto	Douro	blanc	2011	75 cl	2012-06-17	0	0	0	1	3	4	3		apéritif, morue, poissons de mer.. 	fete desperes 2012	Caviste
Adrien Vacher - Cuvée réservée	France	Savoie, Dauphiné et Bugey	Vin de Savoie Chignin	blanc	2006	75 cl	2008-01-12	4.6	4.6	0	2	1	4	0		Carrefour		Non défini
Alain Brumont, Vendémiaire	France	Sud-Ouest	Pacherenc du Vic Bilh	blanc liquoreux	2008	50 cl	2013-08-25	10.85	10.85	0	3	3	12	3			Chateau Montus - Par Franck et Cécile	En direct du producteur
Alain Voge - Fleur de Crussol	France	Vallée du Rhône	Saint Péray	blanc	2023	75 cl	2025-07-10	42	42	4	6	1	12	1		Goûté chez Arnaud et Virginie un 2014 en 2025 qui était top	Vinatis	Achat sur Internet
Albert Bichot	France	Bourgogne	Côte de Nuits Villages	rouge	2006	75 cl	2009-12-25	0	0	0	1	3	8	4	servir à 17° Viandes blanches, Agneau, Fromages doux. À remonter de la cave en 2010.	Habillé d'une robe profonde aux reflets violacés, un 2006 qui ne manque ni de puissance ni de potentiel. Le nez boisé (quatorze mois de fût) commence à s'ouvrir sur le fruit. Ronde, riche et fruitée, la bouche se fait gourmande avant une montée des tanins en finale qui invite à la patience. 	noël 2009 Loïc St Max	Caviste
Albert Bichot	France	Bourgogne	Nuits Saint Georges	rouge	2007	75 cl	2010-12-26	0	28	0	1	1	5	1		Offert pas Kishore Devarasetty avant son retourn en Inde. En remerciement de lui avoir fait visiter Annecy et les environs.	Offert par Kishore	Grande surface
Alfred Rothschild	France	Champagne	Champagne	rosé effervescent	-0	75 cl	2016-08-14	0	25	0	1	2	10	2			laissé par Anthony Mahut	Cadeau
Alfred Rothschild et Cie - Brut Grande Réserve	France	Champagne	Champagne	blanc effervescent	2010	75 cl	2015-03-15	0	0	0	1	2	10	2			offert par Maryse	Cadeau
Alfred Rothschild et Cie - Brut Grande Réserve	France	Champagne	Champagne	blanc effervescent	-0	75 cl	2017-03-18	0	0	0	1	2	10	2		pour mon anniversaire 2017	offert par Maryse	Cadeau
Alfred Rothschild et Cie - Brut Millésimé Grande Réserve 	France	Champagne	Champagne	blanc effervescent	2010	75 cl	2015-01-01	0	23	0	1	2	10	2				Non défini
Alion	Espagne	Castille-Leon	Ribera del Duero	rouge	2012	75 cl	2016-04-20	48.9	48.9	1	2	1	5	1		maison fondée par Vega Sicilia en 1991. Très grand vin immédiatement reconnu et plébiscité par la critique (Parker, Penin). Vin élaboré à partir de la variété Tinto fino. Elevage en fût de 14 à 20 mois+15 mois en bouteille.	Vinissimus	Achat sur Internet
Amiral de Beychevelle	France	Bordeaux	Saint Julien	rouge	2000	75 cl	2009-05-21	24	24	0	1	4	25	0		ebay		Non défini
André Bucher et Fils	France	Alsace et Lorraine	Alsace Pinot Gris	blanc	2006	75 cl	2008-04-13	4.5	4.5	0	2	4	5	0		Ramené d'Alsace par Jérôme et Stéphanie		Non défini
André Bucher et Fils	France	Alsace et Lorraine	Alsace Riesling	blanc	2006	75 cl	2008-04-13	4.5	4.5	0	2	1	6	0		Vin bio.. Ramené d'Alsace par Jérôme et Stéphanie.		Non défini
André Dolder - Grand Cru Zotzenberg	France	Alsace et Lorraine	Alsace Riesling	blanc	2010	75 cl	2016-04-02	0	0	0	1	2	10	2			retrouvé rangé à un endroit supposé vide	Non défini
André Ehrhart - Gewurztraminer Herrenweg	France	Alsace et Lorraine	Alsace Gewurztraminer	blanc moëlleux	2009	75 cl	2012-12-23	0	0	0	1	2	10	2			offert 	Cadeau
Anne Boecklin, Riesling Grand Cru Schlossberg	France	Alsace et Lorraine	Alsace Riesling	blanc	2006	75 cl	2008-09-11	8.5	8.5	0	2	2	12	0		FAV Carrefour 2008		Non défini
Anne Boecklin, Riesling Grand Cru Schlossberg	France	Alsace et Lorraine	Alsace Riesling	blanc	2003	75 cl	2010-12-27	6	6	0	2	2	12	2			Auchan	Grande surface
Antoine Olivier - 1er cru Les Bassets	France	Bourgogne	Montagny	blanc	2018	75 cl	2020-09-13	18	18	1	3	2	6	2			au domaine à Santenay	En direct du producteur
Armelle et Bernard Rion - Chardonnay	France	Bourgogne	Bourgogne	blanc	2021	75 cl	2024-09-27	18	18	1	3	2	5	2		j'ai été surpris par la finesse de ce vin, pour le prix on est loin du classique Chardonnay bourguignon de base.	Domaine Armelle et Bernard Rion	En direct du producteur
Armelle et Bernard Rion - Chardonnay	France	Bourgogne	Bourgogne	blanc	2022	1,5 l	2024-09-27	44	44	1	1	2	5	2	Apéro, poisson, fromage	fermentation cuve inox et fût de chêne français 12 mois avec bâtonnage régulier	Domaine Armelle et Bernard Rion	En direct du producteur
Armelle et Bernard Rion - La Croix Blanche	France	Bourgogne	Bourgogne	rouge	2022	1,5 l	2024-09-27	44	44	1	1	2	7	2		pour les cousinades	Domaine Armelle et Bernard Rion	En direct du producteur
Armelle et Bernard Rion - Marsannay	France	Bourgogne	Marsannay	rouge	2022	75 cl	2024-09-27	32	32	3	3	3	10	3			Domaine Armelle et Bernard Rion	En direct du producteur
Audebert et Fils	France	Vallée de la Loire	Bourgueil	rosé	2009	75 cl	2010-07-19	5.8	5.8	0	3	1	5	1			chez le producteur	En direct du producteur
Audebert et Fils	France	Vallée de la Loire	Saint Nicolas de Bourgueil	rouge	2008	75 cl	2010-07-19	6	6	0	2	1	5	1			chez le producteur	En direct du producteur
Audebert et Fils - Les Marquises	France	Vallée de la Loire	Bourgueil	rouge	2004	75 cl	2010-07-19	11	11	0	3	4	15	4			chez le producteur	En direct du producteur
Aurélie Berthod - Chorey-Lès-Beaune	France	Bourgogne	Chorey-Lès-Beaune	rouge	2022	75 cl	2024-03-03	20	20	3	3	3	10	3			FAV Cruseilles 2024	En direct du producteur
Aurélie Berthod - Pernand Vergelesses 1er cru creux de la net	France	Bourgogne	Pernand-Vergelesses	blanc	2018	75 cl	2022-02-26	27	27	1	3	3	10	3			foire aux vins Cruseilles 2022	Salon de vignerons
Aurélie Berthod - Pernand Vergelesses 1er cru creux de la net	France	Bourgogne	Pernand-Vergelesses	blanc	2022	75 cl	2024-03-03	30	30	3	3	3	10	5			FAV Cruseilles 2024	En direct du producteur
Aurélie Berthod - Pernand Vergelesses sous les cloux	France	Bourgogne	Pernand-Vergelesses	rouge	2019	75 cl	2022-02-26	20	20	1	3	4	15	4			foire aux vins Cruseilles 2022	Salon de vignerons
Auxy-Duresses Tres vieilles vignes Alain Gras	France	Bourgogne	Auxey-Duresses	rouge	2018	75 cl	2021-03-28	27.8	27.8	2	6	3	10	3			Le clos privé 	Achat sur Internet
Baloun Dornfelder Pozdní Sb?r 	République Tchèque	Moravie	Moravie	rouge	2008	75 cl	2010-09-06	12	12	0	1	2	8	5		ne devrait pas être trop boisé à ma demande au magasin	Prague	Caviste
Baloun Sauvignon Pozdní Sb?r	République Tchèque	Moravie	Moravie	blanc	2009	75 cl	2011-06-24	10	10	0	1	1	5	1			Prague	Caviste
Barbeito - Rainwater Reserva - Medium dry	Portugal	Madeira	Terras Madeirenses	vin blanc muté	-0	75 cl	2016-05-21	0	15	1	1	1	15	1	Excellent as an aperitif, with salted nuts, olives, tapas, consomme?cheese.. servir frais 11° ou 12°	Gold colour.. Quite aromatic!. Caramel, nuts, almonds, candied fruits. Full,extreme softness. Longfresh.. 	offert par Franck et Cécile	Cadeau
Baron Philippe de Rothschild - Sélection Anniversaire	France	Bordeaux	Bordeaux	rouge	2006	1,5 l	2008-11-29	24.95	24.95	0	1	2	8	0		Bofrost		Non défini
Ben Glaetzer - Bishop	Australie	Australie Méridionale	Barossa Valley	rouge	2010	75 cl	2012-12-13	22	22	0	2	1	10	5		Le nez est profond avec des fruits compotés ,des arômes de havane, la réglisse,le poivre et l'eucalyptus.La bouche est pleine,visqueuse avec une sensation veloutée délicieuse.La finale rappelle la figue,les fruits noirs 	caveprivée.com	Achat sur Internet
Benoit Salel &amp; Élise Renaud - Le temps qui reste	France	Vallée du Rhône	Vin de Pays de l'Ardèche	rouge	2020	75 cl	2023-09-30	23	23	1	1	1	10	7			Caviste Ruoms &quot;Le Terminus&quot;	Caviste
Bertrand Machard de Gramont	France	Bourgogne	Vosne-Romanée	rouge	2013	75 cl	2016-02-26	32	32	0	3	6	15	6			Foire d'Annemasse	Salon de vignerons
Bertrand Machard de Gramont - Les Grands Chaillots	France	Bourgogne	Bourgogne	rouge	2015	75 cl	2017-06-03	15	15	0	6	2	5	2		voiyage bourgogne avec Pierre Tatzber (50 ans)	Vergy l'étang	En direct du producteur
Bertrand Machard de Gramont - Les Hauts Pruliers	France	Bourgogne	Nuits Saint Georges	rouge	2009	75 cl	2012-03-18	27	27	0	3	4	15	10			Nuits St Georges	Salon de vignerons
Bertrand Machard de Gramont - Les Terrasses des Vallerots	France	Bourgogne	Nuits Saint Georges	rouge	2011	75 cl	2016-02-26	23	23	0	6	4	8	4			Foire d'Annemasse	Salon de vignerons
Bertrand Machard de Gramont - Les Terrasses des Vallerots	France	Bourgogne	Nuits Saint Georges	rouge	2014	1,5 l	2017-06-03	55	55	0	1	4	20	4		voyage bourgogne avec Pierre Tatzber (50 ans)	Vergy l'étang	En direct du producteur
Bertrand Machard de Gramont - Les Vallerots	France	Bourgogne	Nuits Saint Georges	rouge	2009	75 cl	2012-03-18	24	24	0	3	4	15	10			Nuits St Georges	Salon de vignerons
Besser - vendanges tardives	France	Alsace et Lorraine	Alsace Gewurztraminer	blanc liquoreux	1999	75 cl	2008-03-29	9.95	9.95	0	2	5	25	0		Foire aux vins de printemps - Auchan. 		Non défini
Bibacchus - Humagne Rouge	Suisse	Valais	Valais	rouge	2006	75 cl	2008-05-08	9.8	9.8	0	1	2	4	0		COOP gva		Non défini
Bibacchus - Malvoisie	Suisse	Valais	Valais	blanc moëlleux	2006	75 cl	2008-06-22	0	0	0	1	2	5	0		remis en cave car pas bu		Non défini
Bibacchus - Petite Arvine	Suisse	Valais	Valais	blanc	2007	75 cl	2008-05-08	9.2	9.2	0	1	1	4	0		COOP Gva		Non défini
Biserno	Italie	Toscane	Toscane	rouge	2011	75 cl	2017-09-30	78	110	0	2	6	15	6			FAV Balexert (Globus) 2017	Epicerie fine
Bissinger Premium Cuvée	France	Champagne	Champagne	blanc effervescent	-0	75 cl	2014-05-27	0	15	0	1	2	10	2			Offert par Stéphane Pasquier (Broadridge)	Cadeau
Biza Cabernet Sauvignon Výb?r z Hrozn?	République Tchèque	Moravie	Moravie	rouge	2009	75 cl	2011-06-24	10	10	0	1	1	5	1			Prague	Caviste
Biza Sauvignon Pozdní Sber	République Tchèque	Moravie	Moravie	blanc	2008	75 cl	2010-09-06	12	12	0	1	2	4	3		Vin blanc sec, poissons, viandes blanches	Prague	Caviste
Bodegas Aalto - PS	Espagne	Castille-Leon	Ribera del Duero	rouge	2008	75 cl	2011-10-04	25	25	0	3	3	13	3	avant 2021	Âge des vignes : plus de 60 ans.. Terroir : Les raisins proviennent de nombreuses parcelles du domaine, au sol argilo-calcaire.. Vinification :En cuves tronconiques inox.. Vinification des parcelles séparées.. Élevage : 23 mois en barriques de chêne dont 50 % neuves et 50 % d?un vin.. Assemblage avant la mise en bouteilles.. Pas de filtration.	Caveprivée.com	Achat sur Internet
Bodegas Vega Sicila Unico	Espagne	Castille-Leon	Ribera del Duero	rouge	2008	75 cl	2016-04-20	259.05	259.05	1	1	20	40	25			Vinissimus	Achat sur Internet
Bodegas Vega Sicila Unico	Espagne	Castille-Leon	Ribera del Duero	rouge	1965	75 cl	2016-10-07	220	220	0	1	10	50	10			ebay	Enchères en ligne
Bouchard Ainé &amp; Fils	France	Bourgogne	Gevrey-Chambertin	rouge	2008	75 cl	2010-12-17	18.5	18.5	0	1	4	8	4			Auchan	Grande surface
Bouchard Aîné et Fils	France	Bourgogne	Bourgogne Hautes Côtes de Beaune	rouge	2006	75 cl	2008-10-06	5.4	5.4	0	3	3	10	0		FAV Champion		Non défini
Bread et Butter	Etats-Unis	Californie	Napa Valley	blanc	2015	75 cl	2019-03-03	18	18	0	1	1	5	1	Porc, Poisson gras (saumon, thon, etc.), Végétarien, Volaille		offert par Nicolas et Alex	Cadeau
Bret Brothers - Mâcon-Chardonnay Les crays	France	Bourgogne	Mâcon Villages	blanc	2022	75 cl	2024-09-27	25.7	25.7	0	1	2	5	2			Cave des 2 Roches, 71 Prissé	Caviste
Bret Brothers - Mâcon-Chardonnay Les crays	France	Bourgogne	Mâcon Villages	blanc	2023	75 cl	2025-02-20	22	22	0	3	2	8	2			Le carré des vins	Achat sur Internet
Bret Brothers - Pouilly Vinzelles Zen	France	Bourgogne	Pouilly-Vinzelles	blanc	2023	75 cl	2025-02-20	29	29	1	1	2	10	2		Nos cuvées ZEN sont vinifiées sans soufre jusqu'à la mise en bouteille pour laquelle nous ajoutons 20 mg/l. Ce sont des cuvées confidentielles (entre 900 et 1500 bouteilles). Marchez, écoutez, humez. Vous êtes dans les vignes labourées de la Soufrandière en POUILLY-VINZELLES CLIMAT «LES QUARTS», dans ce terroir que nous estimons être l?un des meilleurs de la Bourgogne, peut-être par amour démesuré, ou peut-être parconvictionprofonde.Le clocheton, ancien abri dont le toit est couvert de tuiles vernissées, en est presque le gardien. La terre y est souple, aérée, parfumée, réglissée. Elle vit. Le terroir est là, tout simplement.L?exposition presque magique (en coteau Sud-Est) de nos plus vieilles vignes de Chardonnay, âgées de 45à 80ans et le sol vivant argilo-calcaire (Bajocien riche en cristaux siliceux) donnentainsi naissance à des vins de garde. Nez citronné et minéral, équilibre,complexitéetlongueurenbouche.Lesmillésimes passent, le Terroir reste. A nous de le préserver!2018, un grand Bourgogne!!Coup de C?ur. . 	Le carré des vins	Non défini
Bruno Hertz - Hospices de Strasbourg	France	Alsace et Lorraine	Alsace Pinot Noir	rouge	2013	75 cl	2016-01-04	0	0	0	1	2	10	2			offert par Yann Luttman	Non défini
C. Paradis et Fils - Brut Sélection 3ème Millénaire	France	Champagne	Champagne	blanc effervescent	-0	75 cl	2009-12-31	16	16	0	2	1	5	1			par Franck	Agent / Représentant
C. Paradis et Fils - Cuvée Parady's	France	Champagne	Champagne	blanc effervescent	2010	75 cl	2011-11-12	16.5	16.5	0	1	1	5	1		par C et JC	Colombé	En direct du producteur
C. Paradis et Fils - rosé de réserve	France	Champagne	Champagne	rosé effervescent	2010	75 cl	2011-11-12	14.5	14.5	0	3	1	5	1		par C et JC	Colombé	En direct du producteur
Cà dei Frati - I Frati	Italie	Lombardie	Lugana	blanc	2023	75 cl	2025-04-27	0	16	0	1	1	5	1		Élevage et évolution : en acier sur levures fines pendant au moins 6 mois, suivi de 2 mois en bouteille	Offert par Michel	Cadeau
Caloian - Feteasca neagra	Roumanie	Autre région	Autre appellation	rouge	2018	75 cl	2019-11-18	5	5	0	1	1	5	1			offert par Serge Peretti	Cadeau
Camin Larredya - La Part Davant	France	Sud-Ouest	Jurançon Sec	blanc	2012	75 cl	2013-11-09	0	0	0	1	2	5	2			offert par Gaelle et Sébastien	Cadeau
Canard Duchêne - Authentic Brut	France	Champagne	Champagne	blanc effervescent	-0	75 cl	2018-08-17	0	0	0	1	2	10	2			offert par Maryse	Cadeau
Canicattì - Rapido - Nero d'Avola	Italie	Sicile	Terre Siciliane	rouge	2018	75 cl	2019-11-17	0	8	1	1	1	5	1		offert par Mabrouk	offert par Mabrouk	Cadeau
Carrel François et Fils, Passion d'Antan	France	Savoie, Dauphiné et Bugey	Roussette de Savoie	blanc	2007	75 cl	2009-12-26	6.5	6.5	0	2	1	5	1			Carrefour Market Cruseilles	Grande surface
Cave de Crouseilles	France	Sud-Ouest	Madiran	rouge	2001	75 cl	2013-09-15	9	9	0	4	4	15	12			fav auchan 2013	Grande surface
Cave de Cruet - Jacquère	France	Savoie, Dauphiné et Bugey	Vin de Savoie Cruet	blanc	2006	75 cl	2007-12-27	4.8	4.8	0	1	1	4	0		pour fondue		Non défini
Cave de Ribeauvillé - Grand Cru Osterberg	France	Alsace et Lorraine	Alsace Gewurztraminer	blanc moëlleux	2006	75 cl	2013-07-07	0	25	0	1	2	10	2			offert par Alain et Paula	Cadeau
Cave de Tain l'Hermitage - Les Hauts de Pavières	France	Vallée du Rhône	Hermitage	blanc	2016	75 cl	2020-05-17	0	0	1	1	4	15	4			Offert par Eric pour mes 51 ans	Cadeau
Cave des Oulaines - Aligoté	Suisse	Genève	Genève	blanc	2006	75 cl	2008-01-20	0	0	0	1	1	5	0				Non défini
Cave Saint Désirat - La Mandragore	France	Vallée du Rhône	Saint Joseph	rouge	2000	75 cl	2007-12-26	9.5	9.5	0	2	2	8	0		Auchan		Non défini
Caveau Bugiste - Cuvée de l'Amandier	France	Savoie, Dauphiné et Bugey	Bugey Manicle	blanc	2006	75 cl	2008-05-11	13.1	13.1	0	3	2	10	0	On le conseillera avec les volailles à la crème, les quenelles, les poissons en sauce, etc.. 	Issu du cépage Chardonnay, et vieilli en fûts de chêne, le cru Manicle Blanc se distingue par sa puissance, sa longueur en bouche, et sa richesse aromatique. 		Non défini
Caveau Bugiste - Mondeuse Blanche	France	Savoie, Dauphiné et Bugey	Vin du Bugey	blanc	2007	75 cl	2008-05-11	5.3	5.3	0	6	2	5	0	La Mondeuse Blanche accompagnera parfaitement les entrées froides, les salades, mais aussi la petite friture, les fruits de mer, la fondue savoyarde, etc.	Cépage particulier, rare, replanté récemment. Elle donne un vin léger, rafraîchissant, vif, mais sans agressivité, aux arômes subtils. . 		Non défini
Caveau Bugiste - Mondeuse cuvée terroir	France	Savoie, Dauphiné et Bugey	Vin du Bugey	rouge	2006	75 cl	2008-05-11	5.3	5.3	0	6	3	12	0		Elle donne un vin rouge solide, tannique, apte au vieillissement, et étonnamment fruité. D'un rouge profond aux reflets violacés, ses arômes sont ceux de petits fruits des bois mais évoluent aussi sur des notes plus complexes.		Non défini
Caveau Bugiste - Pinot rosé	France	Savoie, Dauphiné et Bugey	Vin du Bugey	rosé	2006	75 cl	2008-05-11	4.9	4.9	0	3	2	3	0	Barbecue, cuisine relevée type asiatique	De par son cépage, le Pinot donne un rosé plus corsé que le Gamay		Non défini
Caveau Bugiste - Symphonie	France	Savoie, Dauphiné et Bugey	Vin du Bugey	blanc	2007	75 cl	2008-05-11	0	5.9	0	1	3	8	0	Souple et harmonieux en bouche, ce vin sera parfait en apéritif ou avec des crudités.	Cette &quot;Cuvée Symphonie&quot;, grâce au savoir faire et à l'expérience des Hommes, met en musique les caractères particuliers de chacun des 3 cépages (Chardonnay, Altesse et Pinot Gris) et la qualité naturelle des différents terroirs.		Non défini
Caveau Bugiste Chardonnay Cuvée Vieilles Vignes	France	Savoie, Dauphiné et Bugey	Vin du Bugey	blanc	2006	75 cl	2008-05-11	6.5	6.5	0	3	1	4	0		Les vignes âgées de plus de 50 ans donnent un Chardonnay plus riche et plus rond, qui peut sans complexe trouver sa place sur les plus grandes tables de France et accompagner les mets les plus raffinés. Très fruité dans sa jeunesse, sa richesse lui permet		Non défini
Caveau Bugiste Chardonnay Exception	France	Savoie, Dauphiné et Bugey	Vin du Bugey	blanc	2005	75 cl	2008-05-11	9.8	9.8	0	3	2	10	0		Ce Chardonnay vendangé tardivement est une expérience très concluante du Caveau Bugiste.. Outre son moelleux et la complexité de ses parfums, Exception présente une belle harmonie entre l'acidité et la douceur des raisins cueillis en surmaturité.		Non défini
Caveau des Beaujolais-Villages - Hospices de Beaujeu	France	Beaujolais	Beaujolais Villages	rouge	2015	75 cl	2015-12-06	0	0	0	1	0	1	0			offert par Eric	Cadeau
Caves de la Loire - Réserve 	France	Vallée de la Loire	Bonnezeaux	blanc liquoreux	1997	75 cl	2009-09-15	14.95	14.95	0	1	1	20	0		FAV Auchan 09-2009		Non défini
Caves de la Muyre - Savagnin	France	Jura	Côtes du Jura	blanc	2000	75 cl	2008-01-10	10	10	0	2	2	5	0	poulet au Comté	Auchan		Non défini
Cédric Flaction - Humagne Blanche	Suisse	Valais	Valais	blanc	2006	75 cl	2008-08-14	14.7	14.7	0	1	2	10	0	Apéritif ou fruits de mer	Globus Genève		Non défini
Cédric Parpette - Montmain	France	Vallée du Rhône	Côte Rotie	rouge	2011	75 cl	2012-11-10	23	23	0	3	7	15	12			Foire aux vins Sevrier	En direct du producteur
Celliers de Bonaventure	France	Vallée du Rhône	Saint Joseph	rouge	2004	75 cl	2007-12-26	6.5	6.5	0	1	3	10	0				Non défini
Celliers Terres de France 	France	Bourgogne	Bourgogne Grand Ordinaire	rouge	-0	75 cl	2008-10-25	2.9	2.9	0	1	1	3	0		pour cuisiner		Non défini
Chanoine Frères - Tsarine Brut	France	Champagne	Champagne	rosé effervescent	-0	75 cl	2016-12-29	0	0	0	1	2	10	2			offert par Maryse Noël 2016	Cadeau
Charles Blondeau-Danne et Harro Nijdam	France	Bourgogne	Chassagne-Montrachet	blanc	2009	75 cl	2011-03-27	16	16	0	3	5	15	8			foire de Cruseilles	Salon de vignerons
Charles Blondeau-Danne et Harro Nijdam, Premier Cru En Remilly	France	Bourgogne	Saint Aubin	rouge	2008	75 cl	2010-04-03	13	13	0	3	4	10	5			foire aux vins de Cruseilles	Salon de vignerons
Charles Blondeau-Danne et Harro Nijdam, Premier Cru En Remilly	France	Bourgogne	Saint Aubin	rouge	2007	75 cl	2010-04-03	9	9	0	6	3	8	5			foire aux vins de Cruseilles	Salon de vignerons
Charles de Cazanove - Brut Cuvée Cazanova	France	Champagne	Champagne	blanc effervescent	-0	75 cl	2008-12-29	0	0	0	1	2	10	0		Offert par Lamy		Non défini
Charles Viénot	France	Bourgogne	Gevrey-Chambertin	rouge	2001	75 cl	2008-09-21	9.47	9.47	0	2	3	10	0		FAV Auchan		Non défini
Chartron et Trébuchet	France	Bourgogne	Corton-Charlemagne	blanc	2013	75 cl	2021-10-31	90	90	0	1	4	8	4		acheté avec Michel pour boire avec un gratin de fruits de mer	Beaune magasin Moillard	Caviste
Château  Camensac	France	Bordeaux	Haut-Médoc	rouge	2006	75 cl	2008-11-29	14	14	0	1	2	12	0				Non défini
Château Andron Blanquet	France	Bordeaux	Saint Estèphe	rouge	2004	75 cl	2008-01-08	11.95	11.95	0	1	4	30	0		Aldi		Non défini
Château Béthanie	France	Jura	Macvin du Jura	mistelle	2002	75 cl	2007-11-10	23	23	0	1	5	30	0				Non défini
Château Béthanie - Grande Sélection	France	Jura	Arbois	vin de paille	2002	37,5 cl	2007-11-10	20.8	20.8	0	3	4	30	0	Les salades, charcuterie et grillades l'adorent, les fromages frais et les desserts aux fruits le séduisent. Un vin léger et facile aux arômes caractéristiques du terroirs jurassien.. 	Une robe aux accents rubis légers et brillants. Des arômes francs et fruités pour un vin friand, équilibré, élégant et enjôleur		Non défini
Château Béthanie - Poulsard	France	Jura	Arbois	rouge	2005	75 cl	2007-11-12	6.25	6.25	0	2	2	5	0		Médaille d'or Jura 2006		Non défini
Château Bouscassé	France	Sud-Ouest	Madiran	rouge	2003	75 cl	2008-03-29	8.5	8.5	0	2	4	12	0		Auchan foire de printemps		Non défini
Château Bouscassé	France	Sud-Ouest	Madiran	rouge	1998	75 cl	2009-03-26	0	29	0	1	4	15	0	peut encore attendre (2012 max ?) mais déjà parfait pour boire maintenant	Caviste Genève 4 avenue Frontenex (à coté de la place des eaux vives)		Non défini
Château Bouscassé	France	Sud-Ouest	Madiran	rouge	1997	75 cl	2009-09-15	9.95	9.95	0	2	4	20	0		FAV Auchan 09-2009		Non défini
Château Bouscassé - Vieilles Vignes	France	Sud-Ouest	Madiran	rouge	2006	75 cl	2013-08-25	26.85	26.85	0	2	4	12	4			Chateau Montus - Par Franck et Cécile	En direct du producteur
Château Bouscassé - Vieilles Vignes	France	Sud-Ouest	Madiran	rouge	2009	75 cl	2013-08-25	26.85	26.85	0	1	4	12	4			Chateau Montus - Par Franck et Cécile	En direct du producteur
Château Bouscassé, Argile Rouge	France	Sud-Ouest	Madiran	rouge	2006	75 cl	2013-08-25	13.15	13.15	0	3	4	12	4			Chateau Montus - Par Franck et Cécile	En direct du producteur
Château Bouscassé, Argile Rouge	France	Sud-Ouest	Madiran	rouge	2011	75 cl	2019-08-02	14.9	14.9	0	3	4	12	9			la vignerie Epagny	Caviste
Château Caillivet	France	Bordeaux	Graves	rouge	2007	75 cl	2010-04-03	6	6	0	6	3	10	5			foire aux vins de Cruseilles	Salon de vignerons
Château Caillivet Fûts de chêne neufs	France	Bordeaux	Graves	rouge	2007	75 cl	2010-04-03	12.5	12.5	0	3	5	15	8			foire aux vins de Cruseilles	Salon de vignerons
Château Calon-Ségur	France	Bordeaux	Saint Estèphe	rouge	2017	75 cl	2019-03-04	76	76	6	6	4	30	4		primeurs COOP via P.Tatzber	primeurs COOP via P.Tatzber	Grande surface
Château Canon-La-Gaffelière	France	Bordeaux	Saint Emilion Grand Cru	rouge	2014	75 cl	2015-11-23	48.15	48.15	3	6	4	25	4		avec Pierre Tatzber	Primeurs de la Coop	Grande surface
Château Carbonnieux	France	Bordeaux	Pessac-Léognan	blanc	2006	75 cl	2009-06-27	23.5	23.5	0	2	2	12	0		Carrefour		Non défini
Château Citran	France	Bordeaux	Haut-Médoc	rouge	2005	75 cl	2007-09-13	11.8	11.8	0	2	5	20	0				Non défini
Château Citran	France	Bordeaux	Haut-Médoc	rouge	2010	75 cl	2016-04-06	15.95	15.95	0	3	5	20	5			carrefour Annecy FAV printemps 2016	Grande surface
Château Climens	France	Bordeaux	Barsac	blanc liquoreux	1997	75 cl	2010-02-18	90	80	1	1	10	30	20		pour Anniversaire Rémi... les 18 ou 20 ans !	ebay	Achat sur Internet
Château Clinet	France	Bordeaux	Pomerol	rouge	2017	75 cl	2019-03-04	72	72	5	6	5	30	5		primeurs 2017 avec P.Tatzber	primeurs COOP via P.Tatzber	Grande surface
Château Cornélie	France	Bordeaux	Haut-Médoc	rouge	2010	75 cl	2013-03-16	0	10	0	1	5	20	5			offert par Franck et Cécile	Cadeau
Château Coulané	France	Sud-Ouest	Madiran	rouge	2001	75 cl	2007-09-13	5.95	5.95	0	1	4	12	0				Non défini
Château Coulané	France	Sud-Ouest	Madiran	rouge	2008	75 cl	2012-09-29	6.5	6.5	0	1	4	12	4			carrefour market Cruseilles	Grande surface
Château Croizet Bages	France	Bordeaux	Pauillac	rouge	2005	75 cl	2008-09-20	19.9	19.9	0	3	4	25	0		FAV Carrefour Bassens		Non défini
Château d'Antugnac - Les Grands Penchants	France	Languedoc-Roussillon	Limoux	blanc	2008	75 cl	2014-03-28	0	10	0	1	1	5	1		à boire avec Hervé et Laure ?	offert par Laure Gressani	Cadeau
Château d'Arcins	France	Bordeaux	Haut-Médoc	rouge	2008	75 cl	2012-01-01	0	15	0	1	5	20	5		Acheté chez Nicolas	Cadeau de noël 2011 parents	Cadeau
Château d'Arlus - Perlé	France	Sud-Ouest	Gaillac	blanc	2012	75 cl	2015-10-18	0	0	0	1	1	4	1		pas la bonne fiche mais c'est pas grave	offert par Flo et Mab	Cadeau
Château d'Armajan des Ormes	France	Bordeaux	Sauternes	blanc liquoreux	2002	75 cl	2007-07-15	19	19	1	4	5	30	0		Acheté à la maison du Sauternes, à Sauternes		Non défini
Château d'Aydie	France	Sud-Ouest	Pacherenc du Vic Bilh	blanc moëlleux	2008	50 cl	2017-12-02	14.9	14.9	0	1	3	12	3			Monoprix Annecy	Grande surface
Château d'Azur	France	Provence-Corse	Bandol	rouge	2015	75 cl	2017-11-12	16	16	0	6	3	10	3		Belle surprise. Plutôt Tannique. Se conserver jusqu'à 10 ans sans souci dans une cave correcte selon le producteur	Foire aux vins de Sévrier	Salon de vignerons
Château d'Escabes - Privilège	France	Sud-Ouest	Gaillac	rouge	2003	75 cl	2008-01-17	6.5	6.5	0	2	2	5	0		Sélectionné par le guide hachette 2006. Auchan		Non défini
Château d'Yquem	France	Bordeaux	Sauternes	blanc liquoreux	2002	75 cl	2009-06-22	135	135	1	1	18	50	0		Pour les 20 ou 30 ans ???		Non défini
Château Dauzac	France	Bordeaux	Margaux	rouge	1988	75 cl	2010-03-22	11.75	11.75	0	2	4	25	4		petit prix sur ebay...	ebay	Achat sur Internet
Château de Brézé	France	Vallée de la Loire	Saumur	rouge	2009	75 cl	2011-07-29	8.5	8.5	0	1	2	5	2			Brézé	En direct du producteur
Château de Brézé	France	Vallée de la Loire	Saumur	blanc	2005	75 cl	2011-07-29	7.5	7.5	0	3	3	8	6			Brézé	En direct du producteur
Château de Camensac	France	Bordeaux	Haut-Médoc	rouge	2003	75 cl	2007-09-15	11.5	11.5	0	2	5	20	0				Non défini
Château de Chavanes - Grande réserve Château	France	Jura	Arbois	rouge	2007	75 cl	2009-07-25	13	13	0	3	3	10	0				Non défini
Château de Chavanes - O de lune	France	Jura	Arbois	vin blanc muté	-0	75 cl	2009-07-25	25	25	0	1	1	25	0				Non défini
Château de Chavanes - Pinot le clos	France	Jura	Arbois	rouge	2007	75 cl	2009-07-25	14.5	14.5	0	3	3	12	0				Non défini
Château de Chavanes - Ploussard	France	Jura	Arbois	rouge	2005	75 cl	2009-07-25	7	7	0	3	1	5	0				Non défini
Château de Cruzeau	France	Bordeaux	Pessac-Léognan	rouge	2019	75 cl	2022-10-08	10.99	10.99	1	1	4	18	4			FAV carrefour Cruseilles	Grande surface
Château de Fieuzal	France	Bordeaux	Pessac-Léognan	rouge	2022	75 cl	2023-07-29	32.65	32.65	6	6	4	18	12			Primeurs Bordeaux 2022 Vàlap	Non défini
Château de Fontenay - Le Sauvignon	France	Vallée de la Loire	Touraine	blanc	2022	75 cl	2024-01-21	0	10	1	1	1	7	4			Offert par Alice et Mathieu	Cadeau
Château de Fontenelles - Cuvé Renaissance	France	Languedoc-Roussillon	Corbières	rouge	2011	75 cl	2015-01-25	0	0	0	1	2	5	4			offert par Eric	Non défini
Château de Francs	France	Bordeaux	Bordeaux Côtes de Francs	rouge	2005	75 cl	2007-09-13	6.95	6.95	0	6	2	10	0				Non défini
Château de L'Etoile	France	Jura	L'Etoile	vin de paille	2003	37,5 cl	2007-11-10	17	17	0	3	4	30	0				Non défini
Château de L'Ille	France	Languedoc-Roussillon	Corbières	rouge	2006	75 cl	2007-12-25	0	0	0	1	2	10	0				Non défini
Château de Lagarde	France	Bordeaux	Côtes de Bordeaux St Macaire	blanc	1995	75 cl	2012-11-11	0	15	0	1	2	6	2		probablement passé, à tester...	offert par Marcel	Cadeau
Château de Lagarde, Cuvée Prestige	France	Bordeaux	Côtes de Bordeaux St Macaire	blanc	1994	75 cl	2012-11-11	0	15	0	1	2	6	2			offert par Marcel	Cadeau
Château de Lucey	France	Savoie, Dauphiné et Bugey	Roussette de Savoie	blanc	2009	75 cl	2010-05-01	5	5	0	4	1	5	3			Au chateau de Lucey	En direct du producteur
Château de Lucey - Sous le Sarrasin Mondeuse	France	Savoie, Dauphiné et Bugey	Vin de Savoie	rouge	2008	75 cl	2010-05-01	5	5	0	2	2	10	3			Au chateau de Lucey	En direct du producteur
Château de Marsannay - Champs Perdrix	France	Bourgogne	Marsannay	blanc	2008	75 cl	2010-08-29	0	0	0	1	1	5	1		offert à l'occasion de notre visite à Talissieu.	Yves Ruaux	Cadeau
Château de Marsannay - Les Grandes Vignes	France	Bourgogne	Marsannay	rouge	2009	75 cl	2011-06-12	8.75	8.75	0	2	1	5	1			Par Yves Ruaux	En direct du producteur
Château de Marsannay Les Echezeaux	France	Bourgogne	Marsannay	rouge	2008	75 cl	2010-08-29	0	0	0	1	1	5	1		offert à l'occasion de notre visite à Talissieu	Yves Ruaux	Cadeau
Château de Marsannay Les Echezeaux	France	Bourgogne	Marsannay	rouge	2009	75 cl	2011-06-12	8.75	8.75	0	3	1	5	1				Non défini
Château de Mérande	France	Savoie, Dauphiné et Bugey	Roussette de Savoie	blanc	2021	75 cl	2023-03-25	0	0	0	1	2	5	2			offert par Eric pour mes 54 ans	Cadeau
Château de Mérande - Le Grand Blanc	France	Savoie, Dauphiné et Bugey	Vin de Savoie Chignin-Bergeron	blanc	2021	75 cl	2023-03-25	0	0	1	1	1	5	1			Offert par Eric pour mes 54 ans	Non défini
Château de Mérande - Mondeuse L'Authentique	France	Savoie, Dauphiné et Bugey	Vin de Savoie Arbin	rouge	2021	75 cl	2023-03-25	0	0	1	1	1	5	1			Offert par Eric pour mes 54 ans	Cadeau
Château de Meursault - 1er Cru	France	Bourgogne	Meursault	blanc	2009	75 cl	2011-06-12	27	27	0	3	5	15	5			Par Yves Ruaux	En direct du producteur
Château de Pibarnon	France	Provence-Corse	Bandol	rouge	2012	1,5 l	2025-05-08	136	136	1	1	3	20	15			au château Pibarnon	En direct du producteur
Château de Pibarnon	France	Provence-Corse	Bandol	rouge	2019	75 cl	2025-05-08	46	46	2	3	3	20	10			au château Pibarnon	En direct du producteur
Château de Pibarnon	France	Provence-Corse	Bandol	rosé	2022	75 cl	2025-05-08	29	29	1	3	1	12	10			au château Pibarnon	En direct du producteur
Château de Pibarnon	France	Provence-Corse	Bandol	rosé	2015	75 cl	2025-05-08	41	41	1	2	1	12	10			au château Pibarnon	En direct du producteur
Château de Pibarnon	France	Provence-Corse	Bandol	blanc	2023	75 cl	2025-05-08	34	34	3	3	1	15	10	un blanc énergique, pur, cristallin. Sa matière enrobée est tendue à l?extrême par une acidité magnifique (plutôt liée à un pH de compétition qu?à une acidité brute). La finale est saline (autant que l?attaque !), et quelques petits amers précoces viennent rafraîchir les sensations qui s?éternisent.	55% clairette - 30% bourboulenc - 15% de cépages divers	au château Pibarnon	En direct du producteur
Château de Pibarnon - Nuances	France	Provence-Corse	Bandol	rosé	2021	75 cl	2025-05-08	34	34	2	3	1	10	7		Sa couleur délicatement irisée et plutôt soutenue, tient sa promesse : au nez, c?est une explosion élégante de fruits rouges, griotte, groseille, rafraîchie par des notes d?agrumes, d?herbe, de menthe.. Cette entrée en matière fine et délicate, pleine et entière, dévoile au palais un univers ourlé, fin, ample et particulièrement savoureux. Sa jeune finale n?attend que quelques mois pour s?allonger et laisser cette sensation sapide. qui signe traditionnellement ce vin.. Ce Rosé Nuances 2020 devrait encore patienter un peu, et ce sera un appel aux viandes blanches, à la grive d?automne, aux perdreaux de plaine. C?est aussi un hymne à la méditerranée : il est fait pour des rougets, du safran, des langoustes?	au château Pibarnon	En direct du producteur
Château de Pressac	France	Bordeaux	Saint Emilion Grand Cru	rouge	2008	75 cl	2010-09-12	16.95	16.95	0	1	4	25	4			FAV Auchan 2010	Grande surface
Château de Puligny-Montrachet - Clos du Chateau	France	Bourgogne	Bourgogne	blanc	2019	75 cl	2022-08-21	0	30	0	1	2	10	5			Offert par Michel Giannelli	Non défini
Château de Rolland	France	Bordeaux	Barsac	blanc liquoreux	2004	75 cl	2009-12-25	0	0	0	1	1	15	10	Pour une meilleure dégustation ouvrez votre bouteille de vin au moins 1 heure avant de servir ( si possible).. Se sert à l'apéritif, et accompagne le melon, la volaille, les plats à base de curry, les plats exotiques, le comté, le roquefort, la fourme d'ambert, la tarte aux pommes, le chocolat noir, les fruits secs et bien sur le foie gras.	Température de service : entre 8 ° et 10° C. Mettre dans la porte du réfrigérateur 1 ou 2 heures avant de servir.	noël 2009 Loïc St Max	Caviste
Château de Rully	France	Bourgogne	Rully	blanc	2010	75 cl	2014-09-11	9.95	9.95	0	3	2	8	2			FAV Auchan 2014	Grande surface
Château de Santenay	France	Bourgogne	Mercurey	rouge	2005	75 cl	2007-04-03	8.5	8.5	0	3	3	8	0		Acheté à Carrefour (foire aux vins).. Médaille d'or Mâcon 2006.. 3 * la revue du vin de France.		Non défini
Château de Savigny-lès-Beaune	France	Bourgogne	Meursault	blanc	2009	75 cl	2016-03-11	20	20	0	3	3	15	9			salon de la gastro Annecy le vieux	Salon de vignerons
Château de Savigny-lès-Beaune - Les Duresses	France	Bourgogne	Monthélie	blanc	2014	75 cl	2016-03-11	14	14	0	3	2	4	2			salon dela gastro Annecy le vieux	Salon de vignerons
Château de Varennes	France	Vallée de la Loire	Savennières	blanc	2004	75 cl	2009-09-15	9.95	9.95	0	2	4	15	4		FAV Auchan 09-2009		Non défini
Château des Abelles	France	Languedoc-Roussillon	Collioure	rouge	2006	75 cl	2010-05-16	0	0	0	1	3	10	3			offert par Sam et Manu	Cadeau
Château des Eyrins	France	Bordeaux	Margaux	rouge	2009	75 cl	2011-12-24	25	25	0	6	6	10	10		plage de consommation trouvée sur Internet le Figaro Vins	En primeur par Vito	Caviste
Château des Rochers	France	Bordeaux	Lussac-Saint-Emilion	rouge	1990	75 cl	2010-04-06	12.2	12.2	0	3	4	20	4			par Vito, foire de Cruseilles	Salon de vignerons
Château des Rochers	France	Bordeaux	Lussac-Saint-Emilion	rouge	1995	75 cl	2011-03-27	17.5	17.5	0	4	4	20	4			foire de Cruseilles	Salon de vignerons
Château Desmirail	France	Bordeaux	Margaux	rouge	2005	75 cl	2007-09-13	19.9	19.9	0	2	4	25	0				Non défini
Château du Haut-Maray	France	Bordeaux	Graves	blanc	2019	75 cl	2025-02-23	14.5	14.5	2	3	5	15	6			salon des vins Cruseilles	En direct du producteur
Château du Haut-Maray	France	Bordeaux	Graves	blanc	2021	75 cl	2025-02-23	14	14	1	3	5	15	6			salon des vins Cruseilles	En direct du producteur
Château du Hureau	France	Vallée de la Loire	Saumur	blanc	2009	75 cl	2011-07-03	0	12	0	1	5	10	5		offert	Dampière sur Loire	En direct du producteur
Château du Hureau - Cuvée Lisagathe	France	Vallée de la Loire	Saumur-Champigny	rouge	2009	75 cl	2011-07-03	17	17	1	3	5	15	5			Dampière sur Loire	En direct du producteur
Château du Hureau - Cuvée Tuffe	France	Vallée de la Loire	Saumur-Champigny	rouge	2006	75 cl	2009-03-15	0	20	0	1	4	10	0	Vin tendre et souple, viandes grillées, charcuteries. servir aéré à 16°	provenance La Java des Flacons - offert par Maryse pour mes 40 ans		Non défini
Château du Hureau - Cuvée Tuffe	France	Vallée de la Loire	Saumur-Champigny	rouge	2009	75 cl	2011-07-03	9	9	0	3	2	7	5			Dampière sur Loire	En direct du producteur
Château du Hureau Cuvée Fours à Chaux	France	Vallée de la Loire	Saumur-Champigny	rouge	2009	75 cl	2011-07-03	13	13	0	6	2	5	2			Dampière sur Loire	En direct du producteur
Château Dubraud	France	Bordeaux	Blaye Côtes de Bordeaux	rouge	2003	1,5 l	2009-03-15	0	25	0	1	1	8	0	ne pas trainer pour la boire.	Offert par Eric et Martine pour mes 40 ans		Non défini
Château Ducru Beaucaillou	France	Bordeaux	Saint Julien	rouge	2024	75 cl	2025-08-02	130.32	130.32	3	3	4	25	15			Valap primeurs	Achat sur Internet
Château Elget - Cuvée Prestige	France	Vallée de la Loire	Muscadet Sevre et Maine	blanc	2010	75 cl	2012-11-10	6	6	0	3	2	5	2			Foire aux vins Sevrier 	En direct du producteur
Château Elget - Cuvée Prestige	France	Vallée de la Loire	Muscadet Sevre et Maine	blanc	2015	75 cl	2017-11-12	6.7	6.7	0	6	2	4	2		vin très vif, tranchant, idéal huitres, saumon	Foire aux vins de Sévrier	Salon de vignerons
Château Elget - Gorgeois	France	Vallée de la Loire	Muscadet Sèvre et Maine Gorges	blanc	2007	75 cl	2012-11-10	12	12	0	3	2	10	5			Foire aux vins Sevrier	En direct du producteur
Château Elget - Gorgeois	France	Vallée de la Loire	Muscadet Sèvre et Maine Gorges	blanc	2009	75 cl	2012-11-10	9.8	9.8	0	3	2	10	5			Foire aux vins Sevrier	En direct du producteur
Château Faurie de Souchard	France	Bordeaux	Saint Emilion Grand Cru	rouge	1996	75 cl	2007-12-15	11.95	11.95	0	3	4	25	0		Auchan		Non défini
Château Faurie de Souchard	France	Bordeaux	Saint Emilion Grand Cru	rouge	1998	75 cl	2007-12-20	11.95	11.95	0	3	4	25	0		Auchan		Non défini
Château Fonroque	France	Bordeaux	Saint Emilion Grand Cru	rouge	2010	75 cl	2016-09-21	25	25	1	6	4	25	4			idealwine par Franck	Vente par correspondance
Château Fort de Roquetaillade	France	Bordeaux	Graves	blanc	2004	75 cl	2007-07-15	5.5	5.5	0	4	5	15	0				Non défini
Château Fort de Roquetaillade	France	Bordeaux	Graves supérieures	blanc liquoreux	2001	75 cl	2007-07-15	5.5	5.5	0	3	4	20	0				Non défini
Château Fort de Roquetaillade	France	Bordeaux	Graves	rouge	2003	75 cl	2007-07-15	5.5	5.5	0	5	5	15	0				Non défini
Château Gazin	France	Bordeaux	Pomerol	rouge	1998	75 cl	2007-12-20	0	85	0	1	5	30	0	Château Gazin 1998. Messieurs Jacques et Eric Boissenot - mai 2002.  . Aspect (Robe). Rouge dense et brillant. . Odeur (Nez). Notes animales et minérales, légèrement boisées et toastées, notes florales, mentholées, arômes de chocolat, amande. . Goût (Bouche). Vin puissant et gras, belle longueur, vin fin, finale un peu amère, notes grillées et fumées	à conserver !. cadeau collègues ERI		Non défini
Château Gazin	France	Bordeaux	Pomerol	rouge	1978	75 cl	2008-08-26	50	50	0	1	5	30	0		sur eBay		Non défini
Château Gilette - Crème de Tête	France	Bordeaux	Sauternes	blanc liquoreux	1976	75 cl	2012-12-29	125	172	0	1	5	30	5			ebay	Enchères en ligne
Château Giscours	France	Bordeaux	Margaux	rouge	2014	75 cl	2016-09-18	37	37	1	3	4	25	4		fav 2016 Auchan	Auchan	Non défini
Château Giscours	France	Bordeaux	Margaux	rouge	2001	75 cl	2022-01-01	0	80	0	1	4	25	4			Offert par Pierre réveillon 2021 2022	Cadeau
Château Giscours	France	Bordeaux	Margaux	rouge	2024	75 cl	2025-08-02	48	48	6	6	4	25	12			Primeurs COOP avec Pierre Tatzber 274 les 6	Achat sur Internet
Château Gloria	France	Bordeaux	Saint Julien	rouge	1994	75 cl	2012-09-16	27	27	0	2	4	25	4			Auchan fav 2012	Grande surface
Château Gloria	France	Bordeaux	Saint Julien	rouge	2015	75 cl	2019-09-14	0	44	0	1	4	25	4			offert par Séb et Gaëlle	Cadeau
Château Gombaude-Guillot	France	Bordeaux	Pomerol	rouge	2010	75 cl	2023-04-29	84	84	0	1	5	30	5			Diot Vino 	Caviste
Château Grand Colombier	France	Bordeaux	Montagne-Saint-Emilion	rouge	2019	75 cl	2022-05-28	0	0	1	1	4	15	4			cadeau Franck	Non défini
Château Grand Corbin	France	Bordeaux	Saint Emilion Grand Cru	rouge	2004	75 cl	2008-01-11	11.6	11.6	0	2	4	25	0		carrefour		Non défini
Château Guiraud	France	Bordeaux	Sauternes	blanc liquoreux	1989	75 cl	2007-09-28	34	34	0	3	5	30	0		Carrefour foire aux vins 2007		Non défini
Château Guiteronde du Hayot	France	Bordeaux	Sauternes	blanc liquoreux	2001	75 cl	2007-09-27	12.95	12.95	0	1	5	30	0				Non défini
Château Haut-Brion	France	Bordeaux	Pessac-Léognan	rouge	1981	75 cl	2016-07-29	46	224	0	1	4	40	4		sur ebay	ebay	Enchères en ligne
Château Haut-Brion	France	Bordeaux	Pessac-Léognan	rouge	1993	75 cl	2019-04-07	0	500	0	1	4	35	25			Offert par pierre tatzber pour mes 50 ans	Cadeau
Château Haut-Brion	France	Bordeaux	Pessac-Léognan	rouge	1994	75 cl	2019-04-07	0	500	0	1	4	35	25			Offert par pierre tatzber pour mes 50 ans	Cadeau
Château Haut-Condissas - Cuvée Prestige	France	Bordeaux	Médoc	rouge	2010	75 cl	2019-09-14	39	39	0	3	4	15	4		vendu comme un vin exceptionnel de puissance, à voir...	foire aux vin caviste épagny	Caviste
Château Hellha, Aszú 5 Puttonyos	Hongrie	Nord Est	Tokaj-Hegyalja ou Tokaji	blanc liquoreux	2013	75 cl	2018-09-08	19.9	19.9	0	3	1	10	1			1jour1vin	Achat sur Internet
Château Juguet	France	Bordeaux	Saint Emilion Grand Cru	rouge	2016	75 cl	2025-10-30	0	0	1	1	4	25	4			Offert par les Guibé	Non défini
Château Kefraya	Liban	Vallée de la Bekaa	Vallée de la Bekaa	blanc	2019	75 cl	2021-04-22	22.9	22.9	0	3	1	10	1			1jour1vin	Achat sur Internet
Château Kefraya	Liban	Vallée de la Bekaa	Vallée de la Bekaa	rouge	2016	75 cl	2021-04-22	22.9	22.9	1	3	1	10	1			1jour1vin	Achat sur Internet
Château L'Etoile	France	Jura	L'Etoile	vin jaune	1999	62 cl	2007-11-10	23	23	0	2	10	50	0		A conserver longtemps...		Non défini
Château l'Etoile - Cuvée des Ceps d'Or	France	Jura	L'Etoile	blanc	2003	75 cl	2007-11-10	7.5	7.5	0	4	3	10	0	Plats d’accompagnement : hors d'oeuvres, poissons, coquillages, crustacés.. 	Longévité en cave : 3 à 5 ans.. Conseil de service : entre 10 et 12°.		Non défini
Château L'Evangile	France	Bordeaux	Pomerol	rouge	2002	75 cl	2007-12-20	0	90	0	1	10	30	0	(R. Parker) D'un rubis-pourpre profond, L'Evangile 2002 exhale avec ampleur de douces senteurs de mûre et de framboise. Une fois passé ce bouquet nuancé de terre et de truffe, on décèle en bouche un ensemble moyennement corsé, merveilleux à la fois de profondeur et de persistance, dont le fruité, riche et mûr, est d'une grande fraîcheur et étayé par une heureuse acidité sous-jacente. La finale de L'Evangile 2002 se développe par paliers, avec générosité.	A boire entre 2007 et 2032. (9/03) 		Non défini
Château L'Evangile	France	Bordeaux	Pomerol	rouge	2024	75 cl	2025-08-02	138.72	138.72	3	3	5	30	15			Valap primeurs	Achat sur Internet
Château La Brande	France	Bordeaux	Côtes de Castillon	rouge	2014	75 cl	2018-01-05	11.5	11.5	1	3	4	10	4		attendre un peu	par Franck	En direct du producteur
Château La Caussade	France	Bordeaux	Sainte Croix du Mont	blanc liquoreux	2004	75 cl	2007-09-13	9.95	9.95	0	2	3	30	0				Non défini
Château La Conseillante	France	Bordeaux	Pomerol	rouge	1997	75 cl	2009-11-14	30	30	0	1	5	15	0		ebay, à boire vite.		Non défini
Château la Fleur Bellevue	France	Bordeaux	Premières Côtes de Blaye	rouge	2005	75 cl	2007-12-20	3.95	3.95	0	2	1	8	0		Auchan		Non défini
Château la Fontaine	France	Bordeaux	Loupiac	blanc liquoreux	2003	75 cl	2008-08-28	0	0	0	1	3	30	0		offert par André		Non défini
Château La Garde	France	Bordeaux	Pessac-Léognan	rouge	2004	75 cl	2007-09-13	7.95	7.95	0	6	4	18	0				Non défini
Château La Garenne	France	Bordeaux	Pomerol	rouge	2004	75 cl	2007-09-22	12.5	12.5	0	4	5	30	0				Non défini
Château La Lagune	France	Bordeaux	Haut-Médoc	rouge	2019	75 cl	2020-07-06	34	34	5	6	5	20	5		primeurs 2019 vàlap livraison début 2022 voir facture cf drive famille /Factures_achats/primeurs bordeau 2019 va?lap.pdf	primeurs bordeaux vàlap	Achat sur Internet
Château La Louvière	France	Bordeaux	Pessac-Léognan	rouge	2004	75 cl	2007-12-07	16.5	16.5	0	1	6	18	0		ne pas ouvrir trop tôt, le Pqrker recommande de le laisser vieillr assez longtemps pour que les tannins fondent.		Non défini
Château La Louvière	France	Bordeaux	Pessac-Léognan	blanc	1997	75 cl	2008-01-11	7.5	7.5	0	2	2	12	0		Carrefour		Non défini
Château La Louvière	France	Bordeaux	Pessac-Léognan	blanc	1999	75 cl	2009-09-19	13.95	13.95	0	2	2	12	0		FAV Auchan 09-2009		Non défini
Château La Louvière	France	Bordeaux	Pessac-Léognan	rouge	2007	75 cl	2016-04-06	19.95	19.95	0	3	4	18	4			carrefour Annecy FAV printemps 2016	Grande surface
Château La Louvière	France	Bordeaux	Pessac-Léognan	rouge	2018	75 cl	2022-10-08	24.9	24.9	2	3	4	18	4			FAV carrefour Cruseilles	Grande surface
Château La Vicomtesse	France	Bordeaux	Saint Estèphe	rouge	2005	75 cl	2007-04-03	5	5	0	6	10	15	0		Acheté à Carrefour (foire aux vins).. Pas avant 2010.		Non défini
Château La Violette	France	Bordeaux	Pomerol	rouge	1997	75 cl	2009-11-14	30	30	0	1	5	15	0		ebay. à boire vite vu l'année.		Non défini
Château Labégorce	France	Bordeaux	Margaux	rouge	1998	75 cl	2010-09-08	19.9	19.9	0	3	4	25	12		donné moyen par phorum dégustation du vin	Monoprix	Grande surface
Château Labégorce	France	Bordeaux	Margaux	rouge	2009	75 cl	2011-09-24	19.95	19.95	0	3	4	25	4		FAV 2011	carrefour market Cruseilles	Grande surface
Château Laborderie Mondésir	France	Bordeaux	Lalande de Pomerol	rouge	1989	75 cl	2011-03-27	18.5	18.5	0	2	5	23	5			foire de Cruseilles	Salon de vignerons
Château Laborderie Mondésir	France	Bordeaux	Lalande de Pomerol	rouge	1998	75 cl	2013-03-24	24	24	0	3	5	25	15			salon des vins de Cruseilles	Salon de vignerons
Château Laborderie Mondésir	France	Bordeaux	Lalande de Pomerol	rouge	2010	75 cl	2017-04-15	19.3	19.3	1	3	5	25	5			Foire aux vins Cruseilles	En direct du producteur
Château Lacapelle Cabanac - Malbec XL	France	Sud-Ouest	Cahors	rouge	2005	75 cl	2008-08-18	11	11	0	2	5	15	0		Sélectioné par Franck lors de leurs vacances 		Non défini
Château Lacapelle Cabanac - Tradition	France	Sud-Ouest	Cahors	rouge	2005	75 cl	2008-08-18	6	6	0	3	5	15	0		Sélectionné par Franck et Cécile lors de leurs vacances		Non défini
Château Lafaurie-Peyraguey	France	Bordeaux	Sauternes	blanc liquoreux	1997	75 cl	2007-07-15	55	55	0	2	5	30	0		pour l'anniversaire des 20 ans de Rémi... en 2017 !		Non défini
Château Lafaurie-Peyraguey	France	Bordeaux	Sauternes	blanc liquoreux	2000	75 cl	2007-09-22	25	25	0	1	5	30	0				Non défini
Château Lafitte - 1 Litre	France	Sud-Ouest	Autre appellation	blanc	2021	75 cl	2024-03-16	0	32	1	1	1	5	1	En général très sympathique, comme avec un très bon blanc sec nature.. à boire entre amis !	 vin naturel sans sulfites ajoutés, ni aucun autre intrant.. Sans produit aucun, certes, mais dans un oeuf béton d?une incroyable justesse.. Certification: AB ? Demeter ? Label Vin Méthode Nature	Lavinia	Caviste
Château Lafon-Rochet	France	Bordeaux	Saint Estèphe	rouge	2002	75 cl	2004-05-03	20	20	0	2	10	30	0		Acheté en Suisse		Non défini
Château Lafon-Rochet	France	Bordeaux	Saint Estèphe	rouge	2012	75 cl	2014-09-11	28.9	28.9	0	4	10	25	10			FAV Auchan 2014	Grande surface
Château Lagrange	France	Bordeaux	Saint Julien	rouge	2002	75 cl	2004-05-03	25	25	0	3	6	25	0		apogée 2020, prêt à boire en 2008		Non défini
Château Lagrange	France	Bordeaux	Entre-deux-mers	blanc	2006	75 cl	2008-11-21	5.8	5.8	0	3	1	3	0	poissons, crustacés, huitres...	Foire gastronomique Saint Jean de Maurienne		Non défini
Château Lagrange	France	Bordeaux	Saint Julien	rouge	2007	75 cl	2011-03-13	0	0	0	2	4	25	4			FAV 2010	Grande surface
Château Lagrange	France	Bordeaux	Pomerol	rouge	2014	75 cl	2016-09-18	29	29	1	3	5	30	5		FAV Auchaun 2016	Auchan	Grande surface
Château Lagrange	France	Bordeaux	Saint Julien	rouge	2010	75 cl	2022-09-09	90	90	1	2	4	25	4			Chateau Lagrange	En direct du producteur
Château Lagrange - les fleurs du lac	France	Bordeaux	Bordeaux	blanc	2020	75 cl	2022-09-09	14	14	0	4	1	4	3			chateau Lagrange	En direct du producteur
Château Langoa Barton	France	Bordeaux	Saint Julien	rouge	2014	75 cl	2015-11-23	34.4	34.4	4	6	4	25	4		avec Pierre Tatzber	Primeurs de la Coop	Grande surface
Château Larchère	France	Sud-Ouest	Monbazillac	blanc liquoreux	1995	75 cl	2009-09-10	12.5	12.5	0	2	3	20	0		FAV Monoprix		Non défini
Château Larrivet-Haut-Brion	France	Bordeaux	Pessac-Léognan	rouge	2012	75 cl	2018-07-15	27	27	1	3	4	18	4			Retrouvé dans la cave... Je ne sais plus quand j'ai acheté !	Grande surface
Château Latour Martillac	France	Bordeaux	Pessac-Léognan	rouge	2003	75 cl	2007-09-22	14.95	14.95	0	2	4	12	0		2003 année &quot;instable&quot;, évaluer avant de savoir si on conserve longtemps		Non défini
Château Latour Martillac	France	Bordeaux	Pessac-Léognan	rouge	2005	75 cl	2008-01-11	19.9	19.9	0	2	4	18	0		Carrefour		Non défini
Château Le Bastidon - Séduction	France	Provence-Corse	Côtes de Provence	rosé	2018	75 cl	2019-09-14	0	8	0	1	1	5	1			offert par Séb et Gaëlle	Cadeau
Château le Tarey	France	Bordeaux	Loupiac	blanc liquoreux	2001	75 cl	2008-12-19	4.95	4.95	0	1	3	15	0		Champion Cruseilles		Non défini
Château Léoville Barton	France	Bordeaux	Saint Julien	rouge	2004	75 cl	2009-09-12	53	53	0	2	4	25	0	FAV Carrefour online	Robe rubis, jeune mais non violacée. Impression fraîche au nez, légèrement mentholé, puis fruité, dominé par le cassis et la groseille et gagnant à l?aération des notes épicées. L?attaque est assez franche, l?acidité présente au premier abord, de même que		Non défini
Château Léoville Las Cases	France	Bordeaux	Saint Julien	rouge	2019	75 cl	2020-07-06	166	166	3	3	4	25	4		primeurs 2019 vàlap livraison début 2022 voir facture cf drive famille /Factures_achats/primeurs bordeau 2019 va?lap.pdf	primeurs bordeaux vàlap	Achat sur Internet
Château Les Barraillots	France	Bordeaux	Margaux	rouge	2008	75 cl	2012-04-16	0	13.5	0	2	4	15	10			offert par Anne-Marie Bouchet pour mon aide sur son PC	Cadeau
Château Les Carmes Haut-Brion	France	Bordeaux	Pessac-Léognan	rouge	2024	75 cl	2025-08-02	78	78	3	3	4	18	4			Primeurs COOP avec Pierre Tatzber 226.95 chf les 3	Achat sur Internet
Château Les Ganfards	France	Sud-Ouest	Bergerac	rouge	2005	75 cl	2007-10-07	0	0	0	1	3	7	0		Offert par Eric		Non défini
Château Lilian Ladouys	France	Bordeaux	Saint Estèphe	rouge	2001	75 cl	2008-11-29	19	19	0	1	4	30	0				Non défini
Château Lilian Ladouys	France	Bordeaux	Saint Estèphe	rouge	1998	75 cl	2009-06-07	35	35	0	1	4	30	0		Foire de La Roche. Cher probablement...		Non défini
Château Lynch Bages	France	Bordeaux	Pauillac	rouge	2014	75 cl	2015-11-23	68.8	68.8	2	3	4	25	4		Primeurs COOP, avec Pierre Tatzber	Primeurs de la Coop	Grande surface
Château Lynch Bages	France	Bordeaux	Pauillac	rouge	2000	75 cl	2016-09-07	120	154	0	1	4	25	20			ebay	Enchères en ligne
Château Lynch Bages	France	Bordeaux	Pauillac	rouge	2002	75 cl	2022-01-01	0	150	0	1	4	25	4			Offert par Pierre réveillon 2021 2022	Non défini
Château Mangot	France	Bordeaux	Saint Emilion Grand Cru	rouge	2022	75 cl	2023-07-29	28.79	28.79	6	6	4	25	10			Primeurs bordeaux 2022 Vàlap	Achat sur Internet
Château Maurac	France	Bordeaux	Haut-Médoc	rouge	2000	75 cl	2009-09-10	6.9	6.9	0	3	5	20	0	FAV Carrefour 09-2009			Non défini
Château Mauvesin	France	Bordeaux	Moulis-en-Médoc	rouge	2005	75 cl	2007-09-13	6.5	6.5	0	2	4	15	0				Non défini
Château Mazeyres	France	Bordeaux	Pomerol	rouge	2004	75 cl	2008-02-27	16	16	0	1	5	30	0		Coop en promo à -20 %		Non défini
Château Mazeyres	France	Bordeaux	Pomerol	rouge	2005	75 cl	2008-09-11	16.9	16.9	0	2	5	30	0		FAV Carrefour 2008		Non défini
Château Meyney	France	Bordeaux	Saint Estèphe	rouge	2014	75 cl	2015-11-23	20.64	20.64	3	6	4	30	4			primeurs avec Pierre Tatzber	Grande surface
Château Montaurone	France	Provence-Corse	Côteaux d'Aix-en-Provence	rosé	2005	75 cl	2007-04-03	2.95	2.95	0	3	1	2	0		Acheté à Carrefour.. Médaille d'argent Aix en Provence 2006.		Non défini
Château Montus	France	Sud-Ouest	Madiran	rouge	2005	75 cl	2008-05-03	14.9	14.9	0	2	5	12	0		Par Franck Merloz		Non défini
Château Montus	France	Sud-Ouest	Pacherenc du Vic Bilh	blanc	2007	75 cl	2009-03-18	18	18	0	3	2	10	0		cave privée.com avec Franck		Non défini
Château Montus	France	Sud-Ouest	Madiran	rouge	1998	75 cl	2009-03-26	0	56	0	1	4	12	0		offert par collègues de boulot pour mes 40 ans.. Parfait dès à présent mais peut encore attendre 2 ou 3 ans (2012)		Non défini
Château Montus	France	Sud-Ouest	Madiran	rouge	2004	75 cl	2009-09-10	13.9	13.9	0	1	4	12	0		FAV Carrefour 09-2009		Non défini
Château Montus	France	Sud-Ouest	Madiran	rouge	1991	75 cl	2012-05-16	0	30	0	1	4	25	4			par Franck	En direct du producteur
Château Moulin Caresse - Cuvée Prestige	France	Sud-Ouest	Côtes de Bergerac	rouge	2000	75 cl	2009-06-21	0	0	0	1	3	6	0		Offert par Christian et Virginie		Non défini
Château Musar	Liban	Vallée de la Bekaa	Vallée de la Bekaa	rouge	1998	75 cl	2008-06-17	22	22	0	1	8	20	0		Coop Genève		Non défini
Château Musar	Liban	Vallée de la Bekaa	Vallée de la Bekaa	rouge	1997	75 cl	2008-07-01	48	48	0	2	10	20	0	Bonnes années Musar: 1961,1964, 1967, 1970, 1972, 1977, 1981,1988, 1991,1993, 1997	pour les 20 ans de Rémi ???		Non défini
Château Musar	Liban	Vallée de la Bekaa	Vallée de la Bekaa	rouge	1991	75 cl	2009-06-03	45	45	0	2	10	25	0		ebay. Un des meilleurs millésimes de Musar		Non défini
Château Musar	Liban	Vallée de la Bekaa	Vallée de la Bekaa	blanc	2000	75 cl	2009-07-07	33	33	0	1	1	5	0	Pour exprimer l'étendue de leur complexité et leur finesse, nos vins blancs doivent être servis à température de cave (15 degrés).. Et surtout n'oubliez pas de les décanter !	"Les vignobles de raisin blanc Obeideh et Merwah, des variétés de raisins du Mont Liban qui remontent à la période de la mythique Byblos, se situent à plus de 1200 mètres d'altitude, et les vendanges, plus tardives, commencent entre le 5 et le 15 octobre.
"		Non défini
Château Musar	Liban	Vallée de la Bekaa	Vallée de la Bekaa	blanc	2001	75 cl	2009-10-13	20	20	0	3	7	20	0	excellent sur cuisine du monde, épicée.	Fin wine world. 		Non défini
Château Musar	Liban	Vallée de la Bekaa	Vallée de la Bekaa	rouge	1999	75 cl	2009-10-13	30	30	0	3	10	20	0	excellentissime avec tajine et cuisine épicée	Fine wine world		Non défini
Château Musar	Liban	Vallée de la Bekaa	Vallée de la Bekaa	rouge	2007	75 cl	2015-04-22	29	29	1	3	1	20	1		Qoqa		Achat sur Internet
Château Musar	Liban	Vallée de la Bekaa	Vallée de la Bekaa	rouge	2013	75 cl	2018-03-09	20	20	3	3	1	5	1			Qoqa	Vente par correspondance
Château Musset Chevalier	France	Bordeaux	Saint Emilion Grand Cru	rouge	2005	75 cl	2009-05-10	0	0	0	1	4	25	0		Offert par Flo et Mab pour mon aide sur leur PC		Non défini
Château Nenin	France	Bordeaux	Pomerol	rouge	2004	75 cl	2008-09-21	26	26	0	2	5	30	14		FAV Auchan 		Non défini
Château Pape Clément	France	Bordeaux	Pessac-Léognan	rouge	2019	75 cl	2020-07-06	82	82	3	3	4	18	4		primeurs 2019 vàlap livraison début 2022 voir facture cf drive famille /Factures_achats/primeurs bordeau 2019 va?lap.pdf	primeurs bordeaux vàlap	Achat sur Internet
Château Parc de Lescours	France	Bordeaux	Saint Emilion	rouge	2005	75 cl	2009-05-02	25	25	0	2	1	5	0		Foire de La Roche		Non défini
Château Petit-Village	France	Bordeaux	Pomerol	rouge	2019	75 cl	2020-07-06	68	68	3	3	5	30	5		primeurs 2019 vàlap livraison début 2022 voir facture cf drive famille /Factures_achats/primeurs bordeau 2019 va?lap.pdf	primeurs bordeaux vàlap	Achat sur Internet
Château Peyron Bouché	France	Bordeaux	Graves supérieures	blanc liquoreux	2004	75 cl	2007-07-16	5.5	5.5	0	6	4	20	0				Non défini
Château Peyron-Bouché	France	Bordeaux	Graves	rouge	2001	75 cl	2007-07-16	5.5	5.5	0	6	5	15	0				Non défini
Château Phélan Ségur	France	Bordeaux	Saint Estèphe	rouge	2005	75 cl	2009-09-10	30.91	30.91	0	2	4	20	0	Carrefour online lors de la foire 09-2009	notes de cèdre très élégantes et fraiches pour ce millésime de Cabernet, tanin racé, forme ample mais longiligne, grand avenir.. entre 2009 et 2025. 17 / 20 B&amp;D		Non défini
Château Pont-Cloquet	France	Bordeaux	Pomerol	rouge	1999	75 cl	2017-04-15	29.3	29.3	0	3	5	30	5			Foire aux vins Cruseilles	En direct du producteur
Château Pont-Cloquet	France	Bordeaux	Pomerol	rouge	1997	75 cl	2019-03-02	29	29	0	6	5	30	20		impressionnant pour un millésime pourtant léger, voire médiocre. A boire dans les 2 ou 3 ans probablement, mais n'est pas encore sur le déclin.	Foire aux vins Cruseilles 2019	Salon de vignerons
Château Pontet-Canet	France	Bordeaux	Pauillac	rouge	2004	75 cl	2009-09-10	35	35	0	2	4	25	0		FAV Carrefour 09-2009		Non défini
Château Pontet-Canet	France	Bordeaux	Pauillac	rouge	2002	75 cl	2022-11-20	74	74	1	1	4	25	4			racheté à Pierre lors de son déménagement	Achat à un particulier
Château Prieuré Lichine	France	Bordeaux	Margaux	rouge	1988	75 cl	2008-07-17	29.5	29.5	0	1	4	25	0		ebay		Non défini
Château Rabaud Promis	France	Bordeaux	Sauternes	blanc liquoreux	2004	75 cl	2007-09-27	19.5	19.5	0	1	5	30	0				Non défini
Château Rauzan Ségla	France	Bordeaux	Margaux	rouge	1990	75 cl	2009-05-30	50	50	0	1	4	25	0		ebay		Non défini
Château Recougne	France	Bordeaux	Bordeaux	blanc	2020	75 cl	2022-03-27	0	0	0	1	1	4	1			Offert par Virginie	Cadeau
Château Rêva - Harmony	France	Provence-Corse	Côtes de Provence	rosé	2006	75 cl	2008-06-22	0	0	0	1	1	3	0		Par Flo et Mab		Non défini
Château RIOUCREUX CHANTELOUP	France	Bordeaux	Côtes de Bourg	rouge	2011	1,5 l	2012-12-25	0	0	0	1	4	10	4		Noël 2012	offert par Eric	Cadeau
Château Roquevieille	France	Bordeaux	Côtes de Castillon	rouge	2001	75 cl	2008-02-13	7.7	7.7	0	2	4	10	0	Cuisines asiatique ? d'après le caviste, à vérifier...	Cave de Cruseilles		Non défini
Château Saint Georges	France	Bordeaux	Saint Georges Saint Emilion	rouge	2006	75 cl	2007-08-03	12	12	0	6	4	10	0		Par Franck Merloz		Non défini
Château Saint Louis	France	Sud-Ouest	Fronton	rouge	2011	75 cl	2014-07-20	0	0	1	1	3	10	3		offert par Oliver (copain de Franck) car je lui ai avancé des sous pour retourner en Autriche car il avait bloqué sa carte Visa	offert par Oliver (copain à Franck)	Cadeau
Château Saint-Go	France	Sud-Ouest	Saint-Mont	rouge	2013	75 cl	2016-09-18	6.95	6.95	0	3	2	6	2		FAV Auchan 2016	Auchan	Grande surface
Château Saint-Jacques	France	Bordeaux	Pomerol	rouge	2001	75 cl	2008-03-29	10.95	10.95	0	2	5	15	0		Foire aux vins de printemps - Auchan		Non défini
Château Sainte-Marguerite	France	Provence-Corse	Côtes de Provence	rouge	2012	75 cl	2014-04-21	0	0	1	1	2	6	2			offert par Alain et Paula	Cadeau
Château Simon	France	Bordeaux	Barsac	blanc liquoreux	2007	75 cl	2018-06-19	0	0	0	1	5	30	5			offert par Matthieu Schittly pour CMU	Cadeau
Château Simone	France	Provence-Corse	Palette	rouge	2020	75 cl	2024-05-25	0	0	1	1	3	8	3			Offert par Eric	Cadeau
Château Smith Haut Lafitte	France	Bordeaux	Pessac-Léognan	rouge	2006	75 cl	2008-09-21	42.95	42.95	0	1	4	18	0		FAV Auchan		Non défini
Château Sociando Mallet	France	Bordeaux	Haut-Médoc	rouge	2000	75 cl	2009-03-26	0	53	0	1	5	20	0	sans problème jusqu'en 2019	Caviste Genève 4 avenue Frontenex (à coté de la place des eaux vives)		Non défini
Château Sociando Mallet	France	Bordeaux	Haut-Médoc	rouge	2008	75 cl	2010-09-12	19.9	19.9	2	3	5	20	5			FAV Auchan 2010	Grande surface
Château Sorbier	France	Bordeaux	Canon-Fronsac	rouge	2012	75 cl	2018-10-07	0	0	0	1	4	20	4			Offert par Florence et Mabrouk	Cadeau
Château St Jacques Calon	France	Bordeaux	Montagne-Saint-Emilion	rouge	1995	75 cl	1996-01-01	7	7	0	4	4	15	0		1er vin St Jacques Calon.. Dont 2 vieillies chez nous et 2 acquises en 2002. Conditions de vieillissement bien différentes, que donnera le résultat ?		Non défini
Château St Jacques Calon	France	Bordeaux	Montagne-Saint-Emilion	rouge	1997	75 cl	2002-05-01	9	9	0	2	4	15	0		1er vin		Non défini
Château St Jacques Calon	France	Bordeaux	Montagne-Saint-Emilion	rouge	2004	75 cl	2007-05-15	6.9	6.9	0	12	5	15	0				Non défini
Château St Jacques Calon - Cuvée des Moulins	France	Bordeaux	Montagne-Saint-Emilion	rouge	2004	75 cl	2007-05-15	9.6	9.6	0	6	4	15	0				Non défini
Château St Jacques Calon - Cuvée des Moulins	France	Bordeaux	Montagne-Saint-Emilion	rouge	2002	75 cl	2004-05-03	10	10	0	4	7	18	0				Non défini
Château St Jacques Calon - Grande Réserve	France	Bordeaux	Montagne-Saint-Emilion	rouge	2004	75 cl	2007-05-15	15	15	0	9	4	15	0		4 ans minimum avant de les boire.. 15 voire 20 ans de garde.. 		Non défini
Château St Jacques Calon - Grande Réserve	France	Bordeaux	Montagne-Saint-Emilion	rouge	2000	75 cl	2007-05-15	15.9	15.9	0	3	7	18	0				Non défini
Château St Jacques Calon - Grande Réserve	France	Bordeaux	Montagne-Saint-Emilion	rouge	2002	75 cl	2007-05-15	15.1	15.1	0	3	7	18	0				Non défini
Château Suduiraut	France	Bordeaux	Sauternes	blanc liquoreux	2002	37,5 cl	2012-11-28	25	25	0	2	5	30	20			Caveprivee 	Achat sur Internet
Château Suduiraut	France	Bordeaux	Sauternes	blanc liquoreux	2004	75 cl	2023-11-15	47.9	47.9	1	3	5	30	20			Valap	Achat sur Internet
Château Terre Male	France	Sud-Ouest	Monbazillac	blanc liquoreux	2003	75 cl	2007-09-13	6.95	6.95	0	2	3	15	0				Non défini
Château Thibaut	France	Bordeaux	Sauternes	blanc liquoreux	1995	75 cl	2007-07-16	16	16	0	3	5	30	0				Non défini
Château Thibaut	France	Bordeaux	Sauternes	blanc liquoreux	1997	75 cl	2007-07-16	14	14	0	3	5	30	0				Non défini
Château Tour des Gendres - Conti-ne Périgourdine	France	Sud-Ouest	Bergerac	blanc	2015	75 cl	2017-11-18	0	0	0	1	1	4	1		Vin très spécial selon le caviste	Offert par Nicolas Metais	Caviste
Château Tour Grand Faurie	France	Bordeaux	Saint Emilion Grand Cru	rouge	2009	75 cl	2012-11-10	18.8	18.8	2	3	6	25	18			Foire aux vins Sevrier	En direct du producteur
Château Valentin	France	Bordeaux	Sainte Croix du Mont	blanc liquoreux	2006	75 cl	2009-05-02	17	17	0	1	1	5	0		Foire de la roche		Non défini
Château Ventenac - La Réserve de Jeanne	France	Languedoc-Roussillon	Cabardès	rouge	2012	75 cl	2015-03-08	0	0	1	2	2	8	2			offert par Alain et Paula	Cadeau
Chris Limouzi	France	Languedoc-Roussillon	Corbières	rouge	2005	75 cl	2007-12-25	0	0	0	1	2	10	0				Non défini
Christian Dolder - Crémant rosé brut	France	Alsace et Lorraine	Crémant d'Alsace	rosé effervescent	-0	75 cl	2013-05-01	6.4	6.4	0	3	1	5	1			Mittelbergheim	En direct du producteur
Christian Dolder - Grand Cru Zotzenberg	France	Alsace et Lorraine	Alsace Gewurztraminer	blanc	2010	75 cl	2013-04-29	9.5	9.5	0	6	1	10	1		un Gewurz de bonne facture mais qui ne semble pas gagner énormément au vieillissement.	Mittelbergheim	En direct du producteur
Christian Dolder - Grand Cru Zotzenberg	France	Alsace et Lorraine	Alsace Gewurztraminer	blanc	2011	75 cl	2014-05-07	9.5	9.5	0	6	1	8	4			via gite chez Dany en Alsave	En direct du producteur
Christian Dolder - Pinot gris sélection particulière	France	Alsace et Lorraine	Alsace Pinot Gris	blanc	2010	75 cl	2013-04-29	5.9	5.9	0	3	4	5	4		assez sec pour un Pinot gris, bien fait, sympa	Mittelbergheim	En direct du producteur
Christian Dolder - Pinot gris sélection particulière	France	Alsace et Lorraine	Alsace Pinot Gris	blanc	2011	75 cl	2014-05-07	5.9	5.9	0	6	4	5	4			via gite chez Dany en Alsace	En direct du producteur
Christian Dolder - Riesling Brandluft	France	Alsace et Lorraine	Alsace Riesling	blanc	2009	75 cl	2013-05-01	5.5	5.5	0	6	2	10	2		Le Riesling Brandluft est un vin moins sec que le Riesling traditionnel, présentant un beau fruité au nez, ce vin noble garnira volontiers vos tables le dimanche en accompagnement de bons mets de poissons ou viandes blanches?.. . Le millésime 2009 Cuvée Exceptionnelle a une acidité de 7,2 grammes par Litre et 1,4 grammes de sucres résiduels par Litre. Son taux en alcool s?élève à 13°.	Mittelbergheim	En direct du producteur
Christian Tappe et Fils	France	Alsace et Lorraine	Alsace Pinot Gris	blanc	2020	75 cl	2022-02-26	9	9	2	3	4	5	4			foire aux vins Cruseilles 2022	Salon de vignerons
Christophe Abbet	Suisse	Valais	Fully	blanc	2009	75 cl	2011-03-12	10.75	10.75	0	3	1	5	3			Martigny, Valais, Suisse	En direct du producteur
Christophe Abbet - A Propos d'Ailes	Suisse	Valais	Martigny	rouge	2005	75 cl	2008-09-14	22	22	0	3	2	10	0	Volailles brunes et gibier à plume (perdeaux ou faisan). Carré de veau cuit dans le foin.. Rubis assez clair. Le nez est très original, complexe, il associe les baies sauvages aux notes de mousse de chêne, d'écorce, de bois exotiques nobles. Bouche satinée mais tonique. Belle montée en puissance des arômes et grande finale aboutie, souple mais très longue, racée, franche.	L'élevage s'est fait en barriques dont la moitié en barriques bordelaises et l'autre en barriques bourguignones.. Il s'agit en fait d'un gamay ramassé en surmaturité et vinifié en barriques. C'est un vin au profil qui se rapproche en quelque sorte d'un Am		Non défini
Christophe Abbet - A Propos d'îles	Suisse	Valais	Martigny	blanc	2014	50 cl	2022-03-16	0	0	1	2	1	15	10			Lavinia offert par nath kdo anniversaire 2022	Caviste
Christophe Abbet - A Propos de	Suisse	Valais	Fully	rouge	2007	75 cl	2011-03-12	23	30	0	1	1	10	7		totalement hors norme	Martigny, Valais, Suisse	En direct du producteur
Christophe Abbet - Air de blanc	Suisse	Valais	Martigny	blanc	2013	75 cl	2022-11-20	35	35	1	2	1	15	1		attendre au moins 2027	Martigny chez Christophe Abbet	En direct du producteur
Christophe Abbet - Air de blanc 2012	Suisse	Valais	Valais	blanc	2012	75 cl	2022-05-28	43.75	43.75	1	6	10	20	10			Martigny	En direct du producteur
Christophe Abbet - Air du Sud	Suisse	Valais	Martigny	vin jaune	2008	50 cl	2022-11-20	80	80	1	3	1	20	1		millésime 2008 mis en bouteille en 2022	Martigny chez Christophe Abbet	En direct du producteur
Christophe Abbet - Alchimie	Suisse	Valais	Martigny	blanc	2015	75 cl	2021-06-02	0	0	0	1	1	10	1			offert par Michel Giannelli	Cadeau
Christophe Abbet - Alchimie	Suisse	Valais	Valais	rouge	2015	1,5 l	2024-03-16	0	130	0	1	1	30	1	Carré de porc mariné aux herbes et cuit à basse température ? Râble de lièvre au poivre.. . 	Elevage de deux ans sous bois, une toute petite partie en cuve. Puis repos en bouteilles d'au moins deux ans avant mise en marché. Un seul fût produit.. . Pour cette cuvée, sélection de deux terroirs, l'un granitique et l'autre calcaire.. . 	Rolle, offert par Michel Giannelli	Cadeau
Christophe Abbet - Ambre	Suisse	Valais	Martigny	blanc liquoreux	2001	37,5 cl	2008-09-13	35	35	0	1	5	25	0		Acheté directement à Christophe Abbet.. Excellentissime !. Semblerait être ce qui ressemble le plus à un Yquem...		Non défini
Christophe Abbet - Ambre	Suisse	Valais	Martigny	blanc liquoreux	1997	50 cl	2008-09-14	50	50	1	2	5	25	0		Acheté directement à Christophe Abbet.. Excellentissime !. Semblerait être ce qui ressemble le plus à un Yquem...		Non défini
Christophe Abbet - Ambre	Suisse	Valais	Martigny	blanc liquoreux	2002	37,5 cl	2011-03-12	44	44	1	2	1	40	15			Martigny, Valais, Suisse	En direct du producteur
Christophe Abbet - Ambre	Suisse	Valais	Martigny	blanc liquoreux	2004	37,5 cl	2011-03-12	44	44	0	2	1	20	10			Martigny, Valais, Suisse	En direct du producteur
Christophe Abbet - Ambre	Suisse	Valais	Martigny	blanc liquoreux	2000	37,5 cl	2011-03-12	0	50	0	1	1	25	15		Offert par Christophe Abbet	Martigny, Valais, Suisse	En direct du producteur
Christophe Abbet - Ambre	Suisse	Valais	Martigny	blanc liquoreux	2007	50 cl	2021-12-04	80	80	0	3	1	20	1			Martigniy chez Abbet	En direct du producteur
Christophe Abbet - Ambre	Suisse	Valais	Martigny	blanc liquoreux	2006	50 cl	2019-08-16	0	70	0	1	5	40	5		bouteille offerte	Martigny	En direct du producteur
Christophe Abbet - Ambre	Suisse	Valais	Martigny	blanc liquoreux	2012	50 cl	2023-12-02	75	75	3	3	1	30	1			Chez Abbet à Martigny	En direct du producteur
Christophe Abbet - Arvine	Suisse	Valais	Martigny	blanc	2007	50 cl	2008-09-14	10.5	10.5	0	3	1	5	0	Apéritif, poissons.	Vinification et élevage en cuves. La malo n'est pas faite, histoire de conserver les vertus apéritives et toniques de la petite arvine.. La vigne vient du secteur des Claives (densité de plantation très élevée : presque 20'000 pieds/ha). Les vignes ont en		Non défini
Christophe Abbet - Arvine	Suisse	Valais	Martigny	blanc	2009	50 cl	2011-03-12	14	14	0	6	1	8	5		Du grand grand. Servi au Georges 5 et au Crillon (notamment). A la dégustation (03/2011), se révèle complexe mais sur la réserve, demande à évoluer encore 1 ou 2 ans probablement	Martigny, Valais, Suisse	En direct du producteur
Christophe Abbet - Arvine	Suisse	Valais	Martigny	blanc	2017	75 cl	2019-08-16	26	26	1	6	1	15	1			Martigny	En direct du producteur
Christophe Abbet - Arvine	Suisse	Valais	Martigny	blanc	2020	75 cl	2023-12-02	34	34	2	3	1	10	1			Chez Abbet à Martigny	En direct du producteur
Christophe Abbet - Avasiers	Suisse	Valais	Valais	rouge	2006	50 cl	2013-10-25	16	16	0	1	1	10	1			lavinia Genève	Caviste
Christophe Abbet - Cornalin	Suisse	Valais	Martigny	rouge	2006	50 cl	2009-06-09	14.8	14.8	0	1	1	5	0		Lavinia		Non défini
Christophe Abbet - Cornalin	Suisse	Valais	Martigny	rouge	2008	75 cl	2011-01-28	19	19	0	1	1	5	1			Lavinia	Caviste
Christophe Abbet - Dôle	Suisse	Valais	Martigny	rouge	1997	75 cl	2008-09-14	0	0	0	1	2	12	0		Offert par Christophe Abbet lui même car le courant était bien passé, et que notre fils ainé est né en 1997.. CETTE BOUTEILLE ETAIT SA DERNIERE... IL NE FAIT PLUS DE DOLE.. A boire rapidement.		Non défini
Christophe Abbet - Ermitage	Suisse	Valais	Valais	blanc	2009	75 cl	2011-06-02	22	22	0	2	1	5	1			chez le propriétaire	En direct du producteur
Christophe Abbet - Ermitage	Suisse	Valais	Martigny	blanc	2018	75 cl	2022-11-20	35	35	0	1	1	5	1		Attendre au moins 2025	Martigny chez Christophe Abbet	En direct du producteur
Christophe Abbet - Ermitage	Suisse	Valais	Valais	blanc	2020	75 cl	2023-12-02	35	35	1	6	1	20	15		Déjà très équilibre en 2023, un vin plaisir avec un gros potentiel de garde	Chez Abbet à Martigny	En direct du producteur
Christophe Abbet - Gamay de Fully	Suisse	Valais	Fully	rouge	2006	75 cl	2009-06-09	16.4	16.4	0	1	1	5	0		Lavinia Genève		Non défini
Christophe Abbet - Gamay de Fully	Suisse	Valais	Fully	rouge	2009	75 cl	2011-03-12	16	16	0	6	1	15	8		équipé pour traverser le temps d'après C. Abbet	Martigny, Valais, Suisse	En direct du producteur
Christophe Abbet - Gamay de Fully vieille vigne	Suisse	Valais	Valais	rouge	2017	75 cl	2019-08-16	22	22	3	3	1	5	1			Mart	Non défini
Christophe Abbet - Humagne rouge	Suisse	Valais	Martigny	rouge	2006	75 cl	2008-11-23	25	25	0	2	3	12	0	viande rouge ?			Non défini
Christophe Abbet - Humagne rouge	Suisse	Valais	Martigny	rouge	2009	75 cl	2011-03-12	21	21	0	3	1	15	10			Martigny, Valais, Suisse	En direct du producteur
Christophe Abbet - L'air du temps	Suisse	Valais	Valais	blanc	2001	75 cl	2008-03-13	22	22	0	2	5	15	0		Acheté chez Lavinia à Genève		Non défini
Christophe Abbet - L'air du temps	Suisse	Valais	Valais	blanc	2001	50 cl	2008-09-14	22	22	0	2	5	25	0				Non défini
Christophe Abbet - L'air du temps	Suisse	Valais	Valais	blanc	1999	50 cl	2009-03-05	54	54	0	1	3	20	0	LAVINIA GENEVE			Non défini
Christophe Abbet - L'air du temps	Suisse	Valais	Valais	blanc	2003	50 cl	2010-12-22	40	40	0	1	7	15	7				Non défini
Christophe Abbet - L'air du temps	Suisse	Valais	Valais	blanc	2003	75 cl	2013-01-16	35	35	0	3	8	15	8			lavinia Ganève	Caviste
Christophe Abbet - L'air du temps	Suisse	Valais	Valais	blanc	2007	75 cl	2013-08-10	30	30	1	6	5	15	5		100% Marsanne	Martigny	En direct du producteur
Christophe Abbet - L'Un dans L'Autre	Suisse	Valais	Martigny	rouge	2006	50 cl	2008-09-14	11	11	0	3	2	6	0				Non défini
Christophe Abbet - L'Un dans L'Autre	Suisse	Valais	Martigny	rouge	2008	50 cl	2011-03-12	13	13	0	1	1	10	5		Un vin magique, entre gamay et Syrah, Gamay-Syrah d'abord, puis... plus rien, puis Syrah-gamay	Martigny, Valais, Suisse	En direct du producteur
Christophe Abbet - L'Un dans L'Autre	Suisse	Valais	Martigny	rouge	2013	50 cl	2017-10-07	23	23	0	3	3	8	3			Lavinia Genève	Caviste
Christophe Abbet - L'Un dans L'Autre	Suisse	Valais	Martigny	rouge	2014	75 cl	2019-08-16	24	24	0	3	1	15	1			Martigny	En direct du producteur
Christophe Abbet - La Bourrigne	Suisse	Valais	Valais	blanc	2013	75 cl	2017-01-28	19	19	0	1	1	7	1			Lavinia Genève	Caviste
Christophe Abbet - Les forêts	Suisse	Valais	Martigny	rouge	2019	75 cl	2023-12-02	25	25	1	3	1	10	1			Chez Abbet à Martigny	En direct du producteur
Christophe Abbet - Marsanne	Suisse	Valais	Martigny	vin jaune	2000	50 cl	2008-08-22	39	39	0	1	5	20	0		Lavinia Genève.. Oxydatif présenté comme un &quot;air du temps&quot; mais &quot;puissance 10&quot; d'après le sommelier de Lavinia.		Non défini
Christophe Abbet - Païen	Suisse	Valais	Martigny	blanc	2017	75 cl	2019-08-16	28	28	1	3	1	15	1			Martigny	En direct du producteur
Christophe Abbet - Païen	Suisse	Valais	Martigny	blanc	2018	75 cl	2022-03-16	0	0	1	2	1	5	1			Lavinia offert par nath kdo anniversaire 2022	Caviste
Christophe Abbet - Rue des fontaines	Suisse	Valais	Valais	rouge	2009	75 cl	2011-03-12	11.5	11.5	0	3	1	5	1		un vin croquant	Martigny, Valais, Suisse	En direct du producteur
Christophe Abbet - Rue des fontaines	Suisse	Valais	Valais	rouge	2016	75 cl	2019-08-16	17	17	0	3	1	15	1			Martigny	En direct du producteur
Christophe Abbet - Syrah	Suisse	Valais	Valais	rouge	2006	75 cl	2008-08-22	22	22	0	1	2	8	0		Lavinia Genève		Non défini
Christophe Abbet - Syrah	Suisse	Valais	Valais	rouge	2007	75 cl	2008-11-23	18.5	18.5	0	2	2	10	0		Très séduisante déjà bien que jeune.. La 2001 est très surprenante (positivement: tanins très findus, rondeur, bel ensemble et très porté sur le fruit) mais élevée différemment (2001 barrique).. Voir ce aue cela donnera en 2014... si on peut !		Non défini
Christophe Abbet - Syrah	Suisse	Valais	Valais	rouge	2001	75 cl	2008-11-23	25	25	0	1	3	10	0		surprenante positivement: goûtée chez Abbet le 23-11-2008, très portée sur le fruit quoique tannique; rond, tanins bien fondus. . Dommage qu'on en ait qu'une !		Non défini
Christophe Abbet - Syrah	Suisse	Valais	Valais	rouge	2009	75 cl	2011-03-12	21	21	0	4	1	20	10		équipée pour traverser le temps	Martigny, Valais, Suisse	En direct du producteur
Christophe Abbet - Syrah	Suisse	Valais	Valais	rouge	2016	75 cl	2019-08-16	28	28	3	6	4	25	4			Martigny	Non défini
Christophe Abbet/Antoine Petrus - Alchimie	Suisse	Valais	Martigny	blanc liquoreux	2010	50 cl	2021-12-05	78	78	2	2	1	25	1	également intéressant avec un gorgonzola, l'oxydation légère apporte un plus non négligeable.	un vin rare, étonnant. Gamme de vin développée en synergie Antoine Petrus, Directeur Général et Directeur des achats vins de Taillevent Paris et Meilleur Ouvrier de France sommellerie et Maître d'Hôtel.	Martigny, cave ouvert Christophe Abbet	En direct du producteur
Christophe et Yoann Perrin Chardonnay Floral	France	Jura	Côtes du Jura	blanc	2022	75 cl	2025-02-22	11	11	3	3	2	5	2			salon des vins Cruseilles	En direct du producteur
Christophe et Yoann Perrin Chardonnay-Savagnin	France	Jura	Côtes du Jura	blanc	2018	75 cl	2024-03-03	13	13	0	3	2	10	2			FAV Cruseilles 2024	En direct du producteur
Christophe et Yoann Perrin Chardonnay-Savagnin	France	Jura	Côtes du Jura	blanc	2023	75 cl	2025-02-22	12	12	5	6	2	10	2			salon des vins Cruseilles	En direct du producteur
Christophe et Yoann Perrin Fleur de Savagnin	France	Jura	Côtes du Jura	blanc	2022	75 cl	2025-02-22	14	14	3	3	2	5	2			salon des vins Cruseilles	En direct du producteur
Christophe et Yoann Perrin Harmonie	France	Jura	Côtes du Jura	rouge	2023	75 cl	2025-02-22	0	13	1	1	2	5	2			salon des vins Cruseilles	En direct du producteur
Christophe et Yoann Perrin Vin Jaune	France	Jura	Côtes du Jura	vin jaune	2016	75 cl	2024-03-03	29	29	0	3	1	20	1			FAV Cruseilles 2024	En direct du producteur
Christophe et Yoann Perrin Vin Jaune	France	Jura	Côtes du Jura	vin jaune	2017	75 cl	2025-02-22	29	29	1	3	1	20	1			salon des vins Cruseilles	En direct du producteur
Christophe Perrin Chardonnay Floral (ouillé)	France	Jura	Côtes du Jura	blanc	2022	75 cl	2024-03-03	0	10	-2	1	2	5	2		Cadeau	FAV Cruseilles 2024	Non défini
Christophe Perrin Savagnin	France	Jura	Côtes du Jura	blanc	2018	75 cl	2024-03-03	17	17	0	3	2	10	2			FAV Cruseilles	En direct du producteur
Christophe Perrin Savagnin	France	Jura	Côtes du Jura	blanc	2019	75 cl	2025-02-22	17	17	1	3	2	15	2				Non défini
Clarendelle	France	Bordeaux	Pessac-Léognan	rouge	2016	75 cl	2020-12-13	39	39	0	2	4	18	4		pessac pas mal, même si l'inspiration par Haut-Brion... 	1jour1vun	Achat sur Internet
Claude Ramu - Saturnales	Suisse	Genève	Dardagny	blanc	2007	75 cl	2009-03-26	0	11.5	0	2	1	3	0	Il se marie au saumon fumé et frais.	Le Kerner fruité et épicé est une curiosité à Genève, il est issu d'un croisement entre le Riesling et le Trollinger rouge. 		Non défini
Clos de Châteauneuf - Humagne blanche	Suisse	Valais	Varen/Varone	blanc	2006	75 cl	2008-06-17	15	15	0	1	2	5	0	Dégustation : nez de fleurs blanches, de pêche blanche, d'amande, note de craie, caractère minéral; en bouche frais, vif, finale citronnée, petite amertume liée au cépage.. . Accompagnement : crustacés, coquilles St-Jacques, ris de veau, viandes blanches, volailles, mets au fromage, raclette.. . Température de service : 10 -12° C. . 	Gamme : Clos de Châteauneuf . Caractéristiques : blanc sec élevé en cuve . Cépage : Humagne Blanche. Terroir : Clos de Châteauneuf. . Récolte par m2 : 500 gr.		Non défini
Clos du Joncuas	France	Vallée du Rhône	Gigondas	rouge	2007	75 cl	2014-10-23	16.7	16.7	0	3	4	10	7			Caveau de gigondas	En direct du producteur
Clos du Marquis	France	Bordeaux	Saint Julien	rouge	2006	75 cl	2011-09-18	32.5	32.5	0	2	4	25	4		FAV 09/2011	Auchan	Grande surface
Clos du Mont-Olivet	France	Vallée du Rhône	Châteauneuf du Pape	rouge	2003	75 cl	2010-02-18	0	0	0	1	3	10	3			offert par Anne Marie	Cadeau
Clos Fourcatères	France	Sud-Ouest	Jurançon	blanc liquoreux	2005	75 cl	2008-03-29	6.5	6.5	0	2	3	12	0		Auchan foire de printemps		Non défini
Clos les Fites	Espagne	Catalogne	Priorato	rouge	2004	75 cl	2008-10-03	14.95	14.95	0	3	4	6	0	Boire le millésime 2003 entre 2006 et 2010.. . Décanter au moins une heure avant de déguster, ou déboucher la bouteille le matin pour la boire le soir.	Robe de couleur bigarreau aux reflets pourpres.. Nez puissant et complexe, fruits rouges et mûrs, caramel, cacao, toast.... Au palais, saveur fraîche, fruitée, minérale, de fruits rouges. Volumineux et gras, avec une fin de bouche longue et persistante.. 		Non défini
Clos Sainte Magdeleine	France	Provence-Corse	Cassis	blanc	2014	75 cl	2016-09-17	0	0	0	1	2	5	2			offert par Eric	Cadeau
Clos Teddi	France	Provence-Corse	Patrimonio	rouge	2007	75 cl	2008-09-11	7.5	7.5	0	6	2	8	0		FAV Carrefour 2008		Non défini
Club des Sommeliers	France	Bordeaux	Bordeaux	rouge	2006	75 cl	2008-02-17	0	0	0	1	3	5	0		offert par Samantha et Manu		Non défini
Club des Sommeliers Pinot Noir	France	Bourgogne	Bourgogne	rouge	2006	75 cl	2008-07-06	0	0	0	1	2	4	0		Amené par Sam et Manu		Non défini
Comte de Valois	France	Bordeaux	Sauternes	blanc liquoreux	2010	75 cl	2025-03-02	0	0	1	1	5	30	5			Récupéré dans la cave de papa	Non défini
Couly-Dutheil - Clos de l'Echo	France	Vallée de la Loire	Chinon	rouge	2008	75 cl	2012-01-01	0	15	0	1	3	10	3		acheté chez Nicolas	Cadeau de noël 2011 parents	Caviste
Couly-Dutheil - Clos de l'Echo	France	Vallée de la Loire	Chinon	rouge	2001	75 cl	2015-11-22	12.5	12.5	0	6	3	20	10		côte argus idealwine 19.50 acheté 12.50 déjà bon à boire	ventes privées	Achat sur Internet
Crémant du Jura	France	Jura	Crémant du Jura	blanc effervescent	-0	75 cl	2024-03-03	0	12	1	1	1	5	1		Cadeau	FAV Cruseilles 2024	Non défini
Cristal de Louis Roederer	France	Champagne	Champagne Grand Cru	blanc effervescent	2006	75 cl	2014-03-18	0	0	0	1	2	20	9	Anniv Rémi ou Titi pour 18 ans ?	acheté chez Lavinia.	cadeau des 45 ans par Nath	Cadeau
Cuvée de l'Ange	France	Sud-Ouest	Madiran	rouge	2001	75 cl	2007-09-13	4.55	4.55	0	1	4	12	0				Non défini
Cuvée de l'Ange	France	Sud-Ouest	Madiran	rouge	2003	75 cl	2008-10-12	4.55	4.55	0	2	4	12	0		FAV Champion		Non défini
Cyprès de Climens	France	Bordeaux	Barsac	blanc liquoreux	2005	75 cl	2010-02-13	45	45	0	2	5	30	15		pseudo arnaque... vendu comme du Climens dans le titre alors qu'il s'agissait du 2nd vin.	ebay	Enchères en ligne
Daniel et Roland Vernay	France	Vallée du Rhône	Côte Rotie	rouge	2004	75 cl	2007-02-15	22.5	22.5	0	2	4	15	0		acheté à Auchan lors de la foire aux vins		Non défini
Delas Frères - Les Challeys	France	Vallée du Rhône	Saint Joseph	rouge	2007	75 cl	2009-09-15	10.95	10.95	0	3	3	10	0		FAV Auchan 09-2009		Non défini
Denis Marx - Brut Grande réserve	France	Champagne	Champagne	blanc effervescent	-0	75 cl	2017-06-18	0	20	0	1	2	10	2			Offert par Jean Jacques et Anne Marie	Cadeau
Deutz - Classic Brut	France	Champagne	Champagne	blanc effervescent	-0	75 cl	2008-02-17	0	0	0	1	2	10	0		Offert par Samantha et Manu		Non défini
Didier Doué - Brut Sélection	France	Champagne	Champagne	blanc effervescent	-0	75 cl	2017-11-12	17.5	17.5	0	3	2	4	2		A boire dans les 2 ans	Foire aux vins de Sévrier	Salon de vignerons
Didier Doué - Millésimé	France	Champagne	Champagne	blanc effervescent	2007	75 cl	2017-11-12	22	22	0	3	2	12	11			Foire aux vins de Sévrier	Salon de vignerons
Disznokö - Aszu 5 Puttonyos	Hongrie	Nord Est	Tokaj-Hegyalja ou Tokaji	blanc liquoreux	1995	75 cl	2009-12-12	3	3	0	3	10	40	10			caveprivee	Achat sur Internet
Domaine  Belluard - Le Feu	France	Savoie, Dauphiné et Bugey	Vin de Savoie	blanc	2011	75 cl	2012-11-11	20	20	0	3	2	10	2			directement chez Belluard	En direct du producteur
Domaine  Belluard - Le Feu	France	Savoie, Dauphiné et Bugey	Vin de Savoie	blanc	2014	75 cl	2015-11-21	21.6	21.6	0	3	1	12	8			chez Belluard	En direct du producteur
Domaine A. et P. De Villaine - 1er cru Grésigny	France	Bourgogne	Rully	blanc	2014	75 cl	2017-02-25	25	25	0	3	5	15	10		Au delà des arômes de pêche, d'abricot  et de ses notes boisées que l'on perçoit au nez délicates, sa naturelle finesse, son élégance et sa minéralité fruité lui assureront un vieillissement au-delà de 10 ans.. 	Bouzeron	Non défini
Domaine A. et P. de Villaine - 1er cru Passetemps	France	Bourgogne	Santenay	rouge	2012	75 cl	2015-01-15	25	25	0	3	4	20	4			Bouzeron	En direct du producteur
Domaine A. et P. De Villaine - La Digoine	France	Bourgogne	Bourgogne Côte Chalonnaise	rouge	2010	75 cl	2014-12-20	33	33	0	1	2	12	7			Duverney Annemasse	Caviste
Domaine A. et P. De Villaine - La Digoine	France	Bourgogne	Bourgogne Côte Chalonnaise	rouge	2013	75 cl	2015-01-15	17	17	0	3	2	5	2			Bouzeron	En direct du producteur
Domaine A. et P. De Villaine - La Digoine	France	Bourgogne	Bourgogne Côte Chalonnaise	rouge	2018	75 cl	2020-02-07	19	19	0	3	2	5	2			Commande a la propriété 	En direct du producteur
Domaine A. et P. De Villaine - Les Clous	France	Bourgogne	Bourgogne Côte Chalonnaise	blanc	2013	75 cl	2015-01-15	16	16	0	3	2	8	2			Bouzeron	En direct du producteur
Domaine A. et P. De Villaine - Les Montots	France	Bourgogne	Mercurey	rouge	2013	75 cl	2015-01-15	19	19	0	3	3	8	3			Bouzeron	En direct du producteur
Domaine A. et P. De Villaine - Les Saint Jacques	France	Bourgogne	Rully	blanc	2012	75 cl	2014-03-14	17.5	17.5	0	6	2	6	2		élégant, minéral, grande maturité de fruit qui lui confère une riche et intense sensation de fruit blanc, de noyau de cerise, de poire et de beurre. Vigne plantée en 90 en pied de coteau juste en dessous du 1er cru clos St Jacques.. Servir avec poisson, viande blanche (sans sauce) et fromage de chèvre doux. 	A et P de Villaine, propriété	En direct du producteur
Domaine A. et P. De Villaine - Les Saint Jacques	France	Bourgogne	Rully	blanc	2013	75 cl	2015-01-15	17.5	17.5	0	9	2	8	2			Bouzeron	En direct du producteur
Domaine A. et P. De Villaine - Les Saint Jacques	France	Bourgogne	Rully	blanc	2015	75 cl	2017-02-25	17.5	17.5	0	6	2	15	7			Bouzeron	En direct du producteur
Domaine A. et P. De Villaine - Les Saint Jacques	France	Bourgogne	Rully	blanc	2014	75 cl	2017-02-25	18	18	0	3	2	15	7			Bouzeron	En direct du producteur
Domaine A. et P. De Villaine - Les Saint Jacques	France	Bourgogne	Rully	blanc	2018	75 cl	2020-02-07	20	20	3	6	2	8	2			Commande a la propriété 	En direct du producteur
Domaine Abbaye de Valbonne	France	Languedoc-Roussillon	Collioure	blanc	2009	75 cl	2014-11-15	0	0	0	1	1	5	1			offert par Flo et Mab	Cadeau
Domaine Alain Gras	France	Bourgogne	Saint Romain	blanc	2015	75 cl	2017-02-25	20.5	20.5	0	6	3	10	5		passe pour être un des meilleurs vignerons du coin (St Aubin, Auxey Duresses et St Romain)	Caveau de St Aubin	En direct du producteur
Domaine Alain Gras - Très Vieilles Vignes	France	Bourgogne	Auxey-Duresses	rouge	2015	75 cl	2017-02-25	23	23	0	3	3	10	5		passe pour être un superbe vin	Caveau de St Aubin	En direct du producteur
Domaine Alain Pautré - Ronsien	France	Bourgogne	Chablis	blanc	2005	75 cl	2007-05-19	0	0	0	1	2	5	0		Offert par Evelyne et Denis		Non défini
Domaine André et Mireille Tissot	France	Jura	Côtes du Jura	blanc	2005	75 cl	2009-07-24	9	9	0	3	7	25	0		Bien garder jusqu'en 2012 pour en tirer le potentiel		Non défini
Domaine André et Mireille Tissot	France	Jura	Arbois	vin jaune	1985	62,5 cl	2009-12-30	60	60	0	2	4	50	30			Lavinia Genève	Caviste
Domaine André et Mireille Tissot - Sélection	France	Jura	Arbois	blanc	2004	1,5 l	2009-07-24	21.6	21.6	0	1	5	25	0				Non défini
Domaine André et Mireille Tissot - Sélection	France	Jura	Arbois	blanc	2004	75 cl	2009-08-22	11	11	0	1	1	5	0		Monoprix		Non défini
Domaine André et Mireille Tissot - Singulier	France	Jura	Arbois	rouge	2007	75 cl	2009-07-24	13.8	13.8	0	3	3	10	0		D'après Tissot: 2010=OK, 2012=Top		Non défini
Domaine Antoine Olivier - Les 2 dindes	France	Bourgogne	Bourgogne	blanc	2018	75 cl	2020-09-13	12.5	12.5	0	6	2	5	2		Le chardonnay dans une expression dédiée aux fruits et à la fraicheur. Vinification traditionnelle pour un vin à boire jeune, pour l?apéritif et pour un repas simple et convivial	au domaine à Santenay	En direct du producteur
Domaine Barraud - Mâcon-Chaintré - Les Pierres Polies	France	Bourgogne	Mâcon Villages	blanc	2014	75 cl	2016-02-26	8.5	8.5	0	6	2	5	2			Foire d'Annemasse	Salon de vignerons
Domaine Bellegarde - Cuvée Tradition	France	Sud-Ouest	Jurançon	blanc moëlleux	2007	75 cl	2008-10-30	9.5	9.5	0	2	5	10	0		Vignerons indépendants Lyon		Non défini
Domaine Bellegarde - Cuvée Tradition	France	Sud-Ouest	Jurançon Sec	blanc	2007	75 cl	2008-10-31	7	7	0	2	2	5	0		Vignerons indépendants Lyon		Non défini
Domaine Bellegarde - Cuvée Tradition	France	Sud-Ouest	Jurançon	blanc moëlleux	2006	75 cl	2009-05-07	0	9.5	0	1	3	10	0				Non défini
Domaine Bellegarde - La Pierre Blanche	France	Sud-Ouest	Jurançon Sec	blanc	2006	75 cl	2008-10-31	11.5	11.5	0	3	5	6	0		Vignerons indépendants Lyon		Non défini
Domaine Belluard -  Ayse - Mont Blanc - Brut Zéro	France	Savoie, Dauphiné et Bugey	Vin de Savoie Ayze	blanc effervescent	2005	75 cl	2009-02-14	17	17	0	1	2	5	0		Issue d'un très vieux cépage savoyard, le Gringet. Elaboré et cultivé sans pesticides de synthèse. Elevé minimum 4 ans sur lattes afin de transmettre la meilleure expression du terroir.. . Savoie - Ayse - Méthode traditionnelle &quot;Brut Zéro&quot;		Non défini
Domaine Belluard -  Ayse - Mont Blanc - Brut Zéro	France	Savoie, Dauphiné et Bugey	Vin de Savoie Ayze	blanc effervescent	2011	75 cl	2015-08-07	16	16	0	6	1	5	1			Ayse	En direct du producteur
Domaine Belluard - Les Alpes	France	Savoie, Dauphiné et Bugey	Vin de Savoie	blanc	2011	75 cl	2012-11-11	11	11	0	3	3	6	3			directement chez Belluard	En direct du producteur
Domaine Belluard - Les Alpes	France	Savoie, Dauphiné et Bugey	Vin de Savoie	blanc	2012	75 cl	2014-04-12	10	12	0	3	1	5	1			Dominique Belluard (commande)	Non défini
Domaine Belluard - Les Alpes	France	Savoie, Dauphiné et Bugey	Vin de Savoie	blanc	2014	75 cl	2015-11-21	16	16	0	6	1	10	6			chez Belluard	En direct du producteur
Domaine Belluard - Les perles du Mont Blanc	France	Savoie, Dauphiné et Bugey	Vin de Savoie-Ayze	blanc effervescent	2011	75 cl	2015-08-07	9	9	0	3	1	4	1			Ayse	Non défini
Domaine Belluard - Mondeuse	France	Savoie, Dauphiné et Bugey	Vin de Savoie	rouge	2011	75 cl	2012-11-11	14	14	0	3	2	12	2			directement chez Belluard	En direct du producteur
Domaine Belluard - Mondeuse	France	Savoie, Dauphiné et Bugey	Vin de Savoie	rouge	2010	75 cl	2012-11-11	14	14	0	1	2	5	2			bouteille remise en cave (prévue pour être bue mais non)	Non défini
Domaine Bernard Baudry	France	Vallée de la Loire	Chinon	rouge	2009	75 cl	2011-07-29	7.75	7.75	0	5	3	7	5	 &quot; Le Domaine &quot; est un vin structuré avec des tanins fins. L'élevage en barriques apporte de l'élégance et de l'harmonie à cette cuvée dont le potentiel de garde est de 5 à 10 ans. 	Moyenne d'âge des vignes de 30 à 35 ans. . Vinification/élevage : Vendange manuelle. . Fermentation lente dans des cuves ciment. . Elevage en cuve bois et barriques (5 à 10 ans) pour une durée de 12 mois. . Mise en bouteille à l'automne.	Cravant Les Coteaux	En direct du producteur
Domaine Bernard Baudry	France	Vallée de la Loire	Chinon	blanc	2014	75 cl	2016-04-24	0	12	0	1	3	6	3	poissons, crustacés	Sur l'unique hectare de vigne, les sols argilo-calcaire sont labourés sans utilisation de désherbants chimiques. Ils reçoivent une fumure à base de compost végétal et animal.. Vendanges : Manuelles.. Vinification : Pressurage assez long dans un pressoir pneumatique. Léger débourbage et fermentation en barriques sans utilisation de levures.	offert par Alain et Paula	Cadeau
Domaine Bernard Baudry - La Croix Boissée	France	Vallée de la Loire	Chinon	rouge	2008	75 cl	2011-07-29	14.8	14.8	0	6	5	15	10	Appelle la chasse !	la cuvée haut de gamme du domaine. A laisser mûrir en cave.	Cravant Les Coteaux	En direct du producteur
Domaine Bernard Baudry - Le Clos Guillot	France	Vallée de la Loire	Chinon	rouge	2009	75 cl	2011-07-29	11.5	11.5	1	3	5	12	7	Le Clos Guillot est un vin raffiné. Ses arômes de griottes et de fruits noires le font parfois « pinoter » certaines années. Le vin est d'une belle longueur et reste très frais en bouche.	Vendange manuelle. Fermentation de 15 jours en cuves en bois avec pigeages réguliers. Elevage de 12 mois en barriques de « 2 à 5 vins »	Cravant Les Coteaux	En direct du producteur
Domaine Bernard Baudry - Les Grézeaux	France	Vallée de la Loire	Chinon	rouge	2009	1,5 l	2011-07-29	20.6	20.6	0	1	10	15	10	&quot;Les Grézeaux&quot; est un vin concentré avec une matière dense mais toujours soyeuse due à l'influence des graviers. Il peut vieillir 10 ans voire beaucoup plus dans les grandes années.	Parcelle la plus âgée du domaine (vignes de 50 ans).. Vinification/élevage : Vendange manuelle. Fermentation en cuves ciments de 15 à 25 jours. Elevage de 12 mois en barriques de 3 à 5 ans d'âge.	Cravant Les Coteaux	En direct du producteur
Domaine Bernard Baudry - Les Grézeaux	France	Vallée de la Loire	Chinon	rouge	2009	75 cl	2011-07-29	10	10	0	3	10	15	10	&quot;Les Grézeaux&quot; est un vin concentré avec une matière dense mais toujours soyeuse due à l'influence des graviers. Il peut vieillir 10 ans voire beaucoup plus dans les grandes années.	Parcelle la plus âgée du domaine (vignes de 50 ans).. Vinification/élevage : Vendange manuelle. Fermentation en cuves ciments de 15 à 25 jours. Elevage de 12 mois en barriques de 3 à 5 ans d'âge.	Cravant Les Coteaux	En direct du producteur
Domaine Bernard Coillot Père et Fils - Vieilles Vignes	France	Bourgogne	Gevrey-Chambertin	rouge	2005	75 cl	2007-04-03	16.95	16.95	0	3	5	25	0		Acheté à Carrefour (foire aux vins).. Idée: ris de veau à la moutarde.		Non défini
Domaine Capmartin - L'instant	France	Sud-Ouest	Madiran	rouge	2016	75 cl	2019-03-10	9.9	9.9	1	1	4	12	4		Vin bio	Onalavie coop bio St Julien	Grande surface
Domaine Charles Joguet - Les Varennes du Grand Clos	France	Vallée de la Loire	Chinon	rouge	2005	75 cl	2009-03-15	0	20	0	1	5	15	0	Le domaine légendaire de l'appellation, à attendre au moins 5 ans à servir sur un canard par exemple	provenance La Java des Flacons - offert par Maryse pour mes 40 ans		Non défini
Domaine Chevrot	France	Bourgogne	Bourgogne Hautes Côtes de Beaune	rouge	2019	75 cl	2021-10-31	13.5	13.5	0	3	3	10	3			journée portes oubvertes du domaine Chevrot	En direct du producteur
Domaine Chevrot - 1er Cru - La Fussière 	France	Bourgogne	Maranges	rouge	2018	75 cl	2021-10-31	24	24	0	3	2	8	2			journée portes oubvertes du domaine Chevrot	Non défini
Domaine Chevrot - sur le chêne	France	Bourgogne	Maranges	rouge	2019	75 cl	2021-10-31	17.5	17.5	1	4	2	8	2			journée portes oubvertes du domaine Chevrot	En direct du producteur
Domaine Chopin-Gesseaume - Les Pruliers 1er Cru 	France	Bourgogne	Nuits Saint Georges	rouge	2007	75 cl	2017-07-22	0	50	0	1	4	20	4		peut vieillir	offert par Pierre Tatzber	Cadeau
Domaine Christian Belleville - 1er Cru Chapitre 	France	Bourgogne	Rully	rouge	2006	75 cl	2009-03-30	0	16	0	3	2	5	0	Tajines, coq au vin, pot au feu, rôtis, volailles	Nez très marqué par des notes florales (pivoine, pétale de rose, rose fanée, rose mouillée), de terre mouillée, de mousse et sous-bois à la limite du champignon. . En bouche, on mange la chair de la cerise très mûre et chaude. . Note « kirschées » et épic		Non défini
Domaine Christian Confuron et Fils - 1er Cru Les Vaucrains	France	Bourgogne	Nuits Saint Georges	rouge	2006	75 cl	2009-09-15	19.95	19.95	0	3	4	20	0		FAV Auchan 09-2009		Non défini
Domaine Christophe Vaudoisey - 1er Cru Clos des Chênes	France	Bourgogne	Volnay	rouge	2015	75 cl	2017-02-25	28	0	1	3	5	15	5			Volnay	En direct du producteur
Domaine Christophe Vaudoisey - 1er Cru Clos des Chênes	France	Bourgogne	Volnay	rouge	2019	75 cl	2021-10-31	27	27	2	2	3	10	3			Volnay en direct	En direct du producteur
Domaine Christophe Vaudoisey - 1er Cru Les Chanlins	France	Bourgogne	Pommard	rouge	2015	75 cl	2017-02-25	28	26	1	3	5	25	10			Volnay	En direct du producteur
Domaine Christophe Vaudoisey - 1er Cru les Mitans	France	Bourgogne	Volnay	rouge	2015	75 cl	2017-02-25	28	28	1	3	5	15	7			Volnay	En direct du producteur
Domaine Christophe Vaudoisey - 1er Cru les Mitans	France	Bourgogne	Volnay	rouge	2019	75 cl	2021-10-31	27	27	4	4	3	10	3		un Volnay surprenant par sa puissance, peut être moins de finesse (et encore) mais quelle puissance pour un Volnay !	Volnay, en direct	En direct du producteur
Domaine Christophe Vaudoisey - Les Vireuils	France	Bourgogne	Meursault	blanc	2022	75 cl	2024-09-27	35	35	2	3	3	15	3		un des rares producteurs dont les prix restent accessibles !	Volnay, au caveau	En direct du producteur
Domaine Christophe Vaudoisey - Les Vireuils	France	Bourgogne	Meursault	blanc	2015	75 cl	2017-02-25	22	22	0	3	3	15	8			Volnay	En direct du producteur
Domaine Christophe Vaudoisey - Les Vireuils	France	Bourgogne	Meursault	blanc	2019	75 cl	2021-10-31	26	26	3	6	3	10	3			Volnay en direct	En direct du producteur
Domaine Combier	France	Vallée du Rhône	Crozes-Hermitage	rouge	2010	75 cl	2011-06-19	0	0	1	1	2	5	4		offert par Nath, fête des pères 2011	Saveurs d'ici et d'ailleurs	Caviste
Domaine Combier	France	Vallée du Rhône	Crozes-Hermitage	blanc	2009	75 cl	2011-06-19	0	0	0	1	2	5	4		offert par Nath, saveurs d'ici et d'ailleurs	Saveurs d'ici et d'ailleurs	Caviste
Domaine Comtesse Eldegarde - Cabernet Franc	Suisse	Genève	Satigny	rouge	2013	75 cl	2015-08-30	0	0	0	1	1	5	1			offert par Pierre Tatzber	Cadeau
Domaine Comtesse Eldegarde - Cabernet Franc	Suisse	Genève	Satigny	rouge	2012	75 cl	2016-10-22	0	20	0	1	1	10	7			Offert par Pierre Tatzber	Cadeau
Domaine Comtesse Eldegarde - Chenin	Suisse	Genève	Satigny	blanc	2023	75 cl	2025-06-14	0	0	1	1	1	5	1			Offert par Pierre	Cadeau
Domaine Comtesse Eldegarde - Gamaret	Suisse	Genève	Satigny	rouge	2012	75 cl	2014-06-16	0	0	0	1	1	5	1		Avec Pierre Tatzber	échangé contre un &quot;Alpes&quot; au boulot	Echange
Domaine Comtesse Eldegarde - Gamaret	Suisse	Genève	Satigny	rouge	2013	75 cl	2016-09-25	25	25	0	3	5	10	5			par Pierre Tatzber	En direct du producteur
Domaine Comtesse Eldegarde - Sauvignon	Suisse	Genève	Satigny	blanc	2013	75 cl	2015-06-15	0	0	0	1	1	5	1			offert par Pierre Tatzber	Cadeau
Domaine Comtesse Eldegarde - Sauvignon gris	Suisse	Genève	Satigny	blanc	2023	75 cl	2025-06-14	0	0	1	1	1	5	1			Offert par Pierre	Cadeau
Domaine Comtesse Eldegarde - Syrah	Suisse	Genève	Satigny	rouge	2012	75 cl	2017-04-15	0	0	0	1	1	5	1			Offert par Pierre Tatzber	Cadeau
Domaine Cros - Les Aspres	France	Languedoc-Roussillon	Minervois	rouge	2012	75 cl	2015-12-23	0	0	0	1	2	5	2			offert par Christine Fuss	Cadeau
Domaine Daniel Barraud - En crèches	France	Bourgogne	Saint Véran	blanc	2007	75 cl	2009-04-03	8.8	8.8	0	3	3	6	0		La parcelle est exposée au Sud-Est, dans une cuvette chaude et abritée. Le sol est un calcaire blanc. 80 % de la production est élevée en fût de chêne tandis que le reste l'est en cuve.. C'est un vin fruité, agréable en bouche. Il est minéral et a des arô		Non défini
Domaine Daniel Barraud - Les Crays Vieilles Vignes	France	Bourgogne	Pouilly-Fuissé	blanc	2007	75 cl	2009-04-03	18.5	18.5	0	3	3	15	0		Accroché à la Roche de Vergisson, ce coteau plein sud apporte soleil et richesse à ce vin.. Minéral, calcaire, bouche suave, c'est un vin délicat à suivre de près.		Non défini
Domaine de Bellivière - Calligramme	France	Vallée de la Loire	Jasnières	blanc	2008	75 cl	2010-04-09	22	22	0	3	4	15	7	fruits de mer plutôt fin voire avec un curry selon les années	- Carafer de préférence 1h avant. - Servir à 9-13°C.. 	en direct du producteur, primeurs	En direct du producteur
Domaine de Bellivière - Calligramme	France	Vallée de la Loire	Jasnières	blanc	2006	75 cl	2015-05-14	28	28	0	3	4	15	4		blanc sec sur ce millésime	par Franck	Caviste
Domaine de Bellivière - Calligramme	France	Vallée de la Loire	Jasnières	blanc	2014	75 cl	2015-11-22	29	29	1	6	4	20	12		commandé directement en primeur total 366 déjà réglé 183 solde à réception	commandé au domaine en primeur	En direct du producteur
Domaine de Bellivière - Calligramme	France	Vallée de la Loire	Jasnières	blanc	2024	75 cl	2025-08-02	31.5	31.5	3	3	4	15	4			Primeurs Bellivière 2024	En direct du producteur
Domaine de Bellivière - Franc de pied	France	Vallée de la Loire	Jasnières	blanc	2015	75 cl	2016-10-24	35	35	1	3	2	10	8	- Accord mets: homard sauce xérès et cacao. . - A boire dans les 8 à 10 ans. . - Ouvrir et servir entre 10° et 12°, voire légèrement carafé.	Achat en primeur - reste 153 à payer. 2ème millésime pour ce franc de pied (2009 - 2015). 	Achats en primeur	En direct du producteur
Domaine de Bellivière - Haut Rasné	France	Vallée de la Loire	Côteaux du Loir	blanc moëlleux	2002	75 cl	2013-07-27	20	20	0	2	10	20	10			Domaine de Bellivière, Lhomme	Non défini
Domaine de Bellivière - Hommage à Louis Derré	France	Vallée de la Loire	Côteaux du Loir	blanc	2011	75 cl	2013-07-27	29	29	0	3	10	15	10			Domaine de Bellivière, Lhomme	En direct du producteur
Domaine de Bellivière - Hommage à Louis Derré	France	Vallée de la Loire	Côteaux du Loir	rouge	2015	75 cl	2016-10-24	24.5	24.5	0	3	3	10	5	- Service: à carafer une bonne heure avant de servir à 18°C.. - Accord Mets: perdreaux et faisans en cocotte. Accord avec un ossau iraty (fromage de brebis de haute montagne) affiné deux ans (accord de Mme Abadie, L?Amphitryon à Lorient)	La cuvée « Hommage à Louis Derré » est une cuvée créée en 2000 provenant des vignes âgées de 80 à 100 ans. Cette cuvée allie le travail d'extraction habituel à la concentration et la complexité liées à l'âge des vignes.	Achats en primeur	En direct du producteur
Domaine de Bellivière - Hommage à Louis Derré	France	Vallée de la Loire	Côteaux du Loir	rouge	2011	75 cl	2013-07-27	29	29	1	1	3	10	3			sur place	En direct du producteur
Domaine de Bellivière - L'Effraie	France	Vallée de la Loire	Côteaux du Loir	blanc	2004	75 cl	2009-04-15	16	16	0	1	10	40	0	Ouvrir 1h avant - Servir en carafe à 13°C. Accord mets : en apéritif, rougets grillés à l'huile de noix,.   carpaccio de poisson blanc.	Robe or clair, éclatante et limpide. Nez floral et fruité, livrant des parfums de poire, de magnolia et des notes de rhubarbe. Bouche très bien structurée, qui prend ses aises sur des arômes de maracuja et de kaki, avec des notes de bois blond. Finale trè		Non défini
Domaine de Bellivière - L'Effraie	France	Vallée de la Loire	Côteaux du Loir	blanc	2014	75 cl	2015-11-22	15	15	0	6	3	10	7		achat en primeur total commande 366 déjà réglé 183 reste à la livraison	commandé au domaine en primeur	En direct du producteur
Domaine de Bellivière - L'Effraie	France	Vallée de la Loire	Côteaux du Loir	blanc	2024	75 cl	2025-08-02	18.5	18.5	3	3	3	10	3			Primeurs Bellivière 2024	En direct du producteur
Domaine de Bellivière - Le Rouge-Gorge	France	Vallée de la Loire	Côteaux du Loir	rouge	2008	75 cl	2010-04-09	10.2	10.2	0	3	3	10	5		- Ouvrir à l'avance. Carafer de préférence.. - Servir de 12 à 15°C.. - Accord mets: terrine d'agneau aux herbes et aromates à la truffe,.   pigeon, pintade, fromages, salade de fruits rouges.	en direct du producteur, primeurs	En direct du producteur
Domaine de Bellivière - Le Rouge-Gorge	France	Vallée de la Loire	Côteaux du Loir	rouge	2010	75 cl	2013-07-27	19	19	0	6	3	10	5		apogée 2015 2018	Domaine de Bellivière, Lhomme	En direct du producteur
Domaine de Bellivière - Les Rosiers	France	Vallée de la Loire	Jasnières	blanc	2005	75 cl	2008-08-01	20.85	20.85	0	1	4	15	0	avec une viande blanche	Saveurs d'ici et là, Annecy		Non défini
Domaine de Bellivière - Les Rosiers	France	Vallée de la Loire	Jasnières	blanc	2008	75 cl	2010-04-10	13	13	0	2	4	15	7			primeurs domaine Bellivière	En direct du producteur
Domaine de Bellivière - Les Rosiers	France	Vallée de la Loire	Jasnières	blanc	2011	75 cl	2013-07-27	21	21	0	2	4	15	4			Domaine de Bellivière, Lhomme	En direct du producteur
Domaine de Bellivière - Les Rosiers	France	Vallée de la Loire	Jasnières	blanc	2007	75 cl	2015-05-14	19	19	0	3	4	15	4		blanc sec sur ce millésime	par Franck	Caviste
Domaine de Bellivière - Les Rosiers	France	Vallée de la Loire	Jasnières	blanc	2014	75 cl	2015-11-22	17	17	0	6	4	15	8		commandé directement en primeur total 366 déjà réglé 183 solde à réception	commandé au domaine en primeur	En direct du producteur
Domaine de Bellivière - Les Rosiers	France	Vallée de la Loire	Jasnières	blanc	2015	75 cl	2016-10-24	17.5	17.5	0	3	4	15	12		Achat en primeur - reste 153 à payer	Achats en primeur	En direct du producteur
Domaine de Bellivière - Les Rosiers	France	Vallée de la Loire	Jasnières	blanc	2024	75 cl	2025-08-02	21	21	3	3	4	15	4			Primeurs Bellivière 2024	En direct du producteur
Domaine de Bellivière - Vieilles Vignes Eparses	France	Vallée de la Loire	Côteaux du Loir	blanc	2008	75 cl	2010-04-09	16	16	0	3	3	10	5	"2007	Type :	Sec. 	Accords :	Bouillon de Merlin l'Enchanteur, foie gras, citrouille et palourdes / Coquilles St Jacques de plongée en acidulées d'agrumes (Maison Richeux - Olivier Roellinger - Cancale)"	- Ouvrir 1h avant.. - Servir en carafe à 9-10°.. - Accord mets: apéritif, asperges, un poulet de Bresse rôti.   avec des champignons des bois, brochet au beurre blanc.	en direct du producteur, primeurs	En direct du producteur
Domaine de Bellivière - Vieilles Vignes Eparses	France	Vallée de la Loire	Côteaux du Loir	blanc	2015	75 cl	2016-10-24	24	24	0	3	3	15	10		Achat en primeur - reste 153 à payer	Achats en primeur	En direct du producteur
Domaine de Bellivière - Vieilles Vignes Eparses	France	Vallée de la Loire	Côteaux du Loir	blanc	2024	75 cl	2025-08-02	31.5	31.5	3	3	3	10	7			Primeurs Bellivière 2024	En direct du producteur
Domaine de Beudon - Cuvée Antique	Suisse	Valais	Valais	blanc	2008	75 cl	2010-12-22	16	16	0	1	1	10	1		carafer 12 heures avant surtout si jeune	Lavinia	Caviste
Domaine de Beudon - Dôle -  Pinot Gamay	Suisse	Valais	Fully	rouge	2014	75 cl	2018-06-09	24	24	0	1	1	5	1			lav	Non défini
Domaine de Beudon - Fendant	Suisse	Valais	Valais	blanc	2004	75 cl	2018-06-09	21.5	21.5	0	3	1	20	1			Lavinia Genève	Caviste
Domaine de Beudon - Fendant	Suisse	Valais	Valais	blanc	2008	75 cl	2021-03-13	0	0	0	1	1	5	1			Offert par Michel Giannelli suite sortie VTT	Cadeau
Domaine de Beudon - Riesling Sylvaner	Suisse	Valais	Fully	blanc	2005	75 cl	2018-06-09	21.5	21.5	1	3	1	15	1			Lavinia Genève	Non défini
Domaine de Beychevelle	France	Bordeaux	Bordeaux	rouge	2000	1,5 l	2025-01-19	0	0	0	1	3	5	3			Cave papa	Non défini
Domaine de Brignac, Grenache Gris	France	Languedoc-Roussillon	Vin de Pays d'Oc	rosé	2011	75 cl	2013-08-11	0	10	0	1	1	3	1			?	Grande surface
Domaine de Chèrouche - plan d'Aoste Buitonnaz	Suisse	Valais	Ayent	blanc	2015	75 cl	2017-11-01	45	45	0	1	3	5	3		Vin nature, à ouvrir en noeud lunaire, jour fleur ou fruit, pour savoir quel jour est quoi chercher sur le net ex. https://www.aujardin.info/calendrier/calendrier-lunaire.php	Lavinia Genève	Non défini
Domaine de Chevalier	France	Bordeaux	Pessac-Léognan	rouge	2003	75 cl	2009-09-10	36.42	36.42	0	3	6	27	0	Carrefour online lors de la foire 09-2009	grande robe, nez magnifique de très haute maturité du raisin, réglissé, corps intense, raffinement remarquable du tanin, vin remarquable.. Entre 2009 et 2030. 18,5/20  B&amp;D		Non défini
Domaine de Chevalier	France	Bordeaux	Pessac-Léognan	rouge	2011	75 cl	2022-11-20	44	44	1	5	4	18	4			racheté à Pierre lors de son déménagement	Achat à un particulier
Domaine de Chevalier	France	Bordeaux	Pessac-Léognan	rouge	2019	75 cl	2020-07-06	59	59	3	3	4	18	4		primeurs 2019 vàlap livraison début 2022 voir facture cf drive famille /Factures_achats/primeurs bordeau 2019 va?lap.pdf	primeurs bordeaux vàlap	Achat sur Internet
Domaine de Cristia	France	Vallée du Rhône	Côtes du Rhône Villages	rouge	2015	75 cl	2017-03-18	0	1	1	1	2	5	2			offert par Eric pour mes 48 ans	Non défini
Domaine de Cristia	France	Vallée du Rhône	Châteauneuf du Pape	rouge	2014	75 cl	2017-03-18	0	0	1	1	3	10	3			offert par Eric pour mes 48 ans	Cadeau
Domaine de Foncalpre	France	Sud-Ouest	Monbazillac	blanc liquoreux	1988	75 cl	2012-03-24	21.6	21.6	1	2	3	40	25			foire aux vins Cruseilles 03-2012	Salon de vignerons
Domaine de Foncalpre	France	Sud-Ouest	Monbazillac	blanc liquoreux	1995	75 cl	2012-03-24	18.6	18.6	0	1	3	40	25			foire aux vins Cruseilles 03-2012	Salon de vignerons
Domaine de Foncalpre	France	Sud-Ouest	Monbazillac	blanc liquoreux	1990	75 cl	2018-04-22	27	27	1	2	3	20	3			Foire aux vins de Cruseilles 2018	En direct du producteur
Domaine de Foncalpre	France	Sud-Ouest	Monbazillac	blanc liquoreux	1989	75 cl	2018-04-22	28	28	1	2	3	20	3			Foire aux vins de Cruseilles 2018	En direct du producteur
Domaine de Grézille - Chenin blanc	France	Vallée de la Loire	Autre appellation	blanc	2020	75 cl	2021-10-17	0	0	1	1	1	5	1		par Franck	Diotvino	Non défini
Domaine de Grézille - Cuvée Saint-André	France	Vallée de la Loire	Anjou	rouge	2007	75 cl	2021-10-17	29	29	1	2	1	20	1		par Franck	Diotvino	Achat sur Internet
Domaine de Grézille - La galopinière	France	Vallée de la Loire	Anjou	blanc	2003	75 cl	2021-10-17	33	33	1	2	3	25	3		par Franck	diotvino	Achat sur Internet
Domaine de Hautes-pommières - Cuvée Sillons Merlot	France	Provence-Corse	Côtes de Provence	rouge	2023	75 cl	2024-11-24	0	10	1	1	2	6	2			Offert avec la BMW 120	Cadeau
Domaine de Hautes-pommières - Noun rosé	France	Provence-Corse	Côtes de Provence	rosé	2023	75 cl	2024-11-24	0	10	2	2	1	5	1		Garage Rossi	Offert avec la BMW 120	Cadeau
Domaine de l'Echelette-- Mâcon Cruzille	France	Bourgogne	Mâcon Villages	blanc	2023	75 cl	2024-09-27	9.9	9.9	1	1	1	3	1			Cave des 2 Roches, 71 Prissé	Caviste
Domaine de la Biscarelle	France	Vallée du Rhône	Châteauneuf du Pape	rouge	2011	75 cl	2013-03-24	17	17	2	3	5	15	5			salon des vins de Cruseilles	Salon de vignerons
Domaine de la Chanaise - Dominique Piron	France	Beaujolais	Morgon	rouge	2014	75 cl	2016-04-24	0	12	0	1	3	5	4	plats à base de viande : gibiers à plume, volailles, grillades, viandes en sauces et quelques fromages.	A 200-300m d?altitude, ces vignes de plus de 50 ans s?épanouissent sur des sous-sols de « roche pourrie » riche en oxyde de fer, et en schistes.. . Age moyen des vignes : + de 50ans. Cépage : 100% Gamay noir	offert par Alain et Paula	Cadeau
Domaine de la Chapelle	France	Bourgogne	Chablis	blanc	2007	75 cl	2008-03-21	6.9	6.9	0	2	3	8	0		Aldi		Non défini
Domaine de la Combe	France	Sud-Ouest	Saussignac	blanc liquoreux	2001	75 cl	2010-04-03	10	10	0	3	5	50	5			foire aux vins de Cruseilles	Salon de vignerons
Domaine de la Martinsbourg	France	Alsace et Lorraine	Alsace Riesling	blanc	2007	75 cl	2008-09-11	4.9	4.9	0	2	2	8	0		FAV Carrefour 2008		Non défini
Domaine de la Mermière - Chasselas vieilles vignes	Suisse	Genève	Genève	blanc	2020	75 cl	2021-12-20	0	0	0	1	1	5	1			Offert par la CdC 12.2021	Cadeau
Domaine de la Perruche	France	Vallée de la Loire	Saumur-Champigny	rouge	2008	75 cl	2009-10-03	5.75	5.75	0	2	1	7	0		FAV Carrefour Market 10-2009		Non défini
Domaine de la Pinte - Blanc Brut	France	Jura	Crémant du Jura	blanc effervescent	-0	75 cl	2011-11-26	9	9	0	2	1	5	1		très sec. 80% Chardonnay 20% Savagnin	Arbois	En direct du producteur
Domaine de la Pinte - Melon à Queue Rouge	France	Jura	Arbois-Pupillin	blanc	2008	75 cl	2011-11-26	16	16	0	3	2	8	2		variété de Chardonnay plus aromatique	Arbois	En direct du producteur
Domaine de la Taille aux Loups - Clos de la Bretonnière	France	Vallée de la Loire	Vouvray	blanc	2011	75 cl	2013-01-21	15	15	0	3	3	8	3		Un vouvray strict et tendu qui fera merveille sur toutes les viandes blanches rôties et un poisson à la crème.	idealwine	Achat sur Internet
Domaine de la Taille aux Loups - Clos Mosny	France	Vallée de la Loire	Montlouis-sur-Loire	blanc	2011	75 cl	2013-01-21	18	18	0	3	2	10	2		Un chenin minéral qui accompagnera bien la viande de veau mais aussi de volailles ou du poisson à la crème.	idealwine	Achat sur Internet
Domaine de la Taille aux Loups Cuvée Rémus	France	Vallée de la Loire	Montlouis-sur-Loire	blanc	2011	75 cl	2013-01-21	12.5	12.5	0	3	3	7	3		Un chenin fin et délicat qu?on pourra placer à l?apéritif ou un poisson à la crème ou une blanquette de veau.	idealwine	Achat sur Internet
Domaine de la Terre Promise	France	Savoie, Dauphiné et Bugey	Vin de Savoie Apremont	blanc	2006	75 cl	2008-01-12	4.6	4.6	0	2	1	4	0	Fondue	Carrefour		Non défini
Domaine de Miscaron	France	Savoie, Dauphiné et Bugey	Vin de Savoie Chignin-Bergeron	blanc	2009	75 cl	2010-03-14	0	0	0	12	1	10	5		offert par C+JC pour mon anniversaire (41 ans)	Tormery	Cadeau
Domaine de Montcy	France	Vallée de la Loire	Cour-Cheverny	blanc	2013	75 cl	2015-06-21	0	0	0	1	2	5	2			fête des pères 2015 - saveurs d'ici et d'ailleurs	Cadeau
Domaine de Montcy	France	Vallée de la Loire	Cheverny	rouge	2013	75 cl	2016-01-16	0	0	0	1	2	5	2			cadeau de Nath	Epicerie fine
Domaine de Montcy - Louis de la Saussaye	France	Vallée de la Loire	Cheverny	rouge	2011	75 cl	2015-06-21	0	0	0	1	2	5	2			fête des pères 2015 - saveurs d'ici et d'ailleurs	Cadeau
Domaine de Montille - 1er cru Perrières	France	Bourgogne	Beaune	rouge	2018	75 cl	2021-04-22	51.9	51.9	2	3	4	12	4			le carré des vins	Achat sur Internet
Domaine de Montille - Beaune 1er cru les Aigrots	France	Bourgogne	Beaune	blanc	2018	75 cl	2021-04-22	44.9	44.9	1	3	1	10	1			le carré des vins	Achat sur Internet
Domaine de Mourchon	France	Vallée du Rhône	Châteauneuf du Pape	rouge	2010	75 cl	2014-10-23	25	25	0	3	3	14	8			Seguret	En direct du producteur
Domaine de Mourchon - Family Reserve	France	Vallée du Rhône	Côtes du Rhône Villages	rouge	2010	75 cl	2014-10-23	22.5	22.5	1	3	2	10	7				Non défini
Domaine de Mourchon Grande Réserve	France	Vallée du Rhône	Séguret	rouge	2012	75 cl	2014-10-23	16.5	16.5	1	6	2	5	2			Seguret	En direct du producteur
Domaine de Papolle - Gros Manseng	France	Sud-Ouest	Vin de Pays des Côtes de Gascogne	blanc moëlleux	2009	75 cl	2014-08-13	0	0	0	1	1	5	5		à boire rapidement pour garder la fraicheur	offert par Eric	Cadeau
Domaine de Perréou - Prémices d'Hiver	France	Sud-Ouest	Vin de Pays des Côtes de Gascogne	blanc moëlleux	-0	75 cl	2025-03-02	0	0	2	2	1	5	1			Récupéré dans la cave de papa	Non défini
Domaine de Sigalière - L'Hélianthème	France	Languedoc-Roussillon	Vin de Pays d'Oc	blanc	2004	75 cl	2008-10-06	6.95	6.95	0	3	4	7	0	Apéritif ? Poissons blancs - Fromages (recommandé avec du cantal) - viandes blanches - coquillages	Argilo-marno calcaire fin jurassique , début crétacé. Bien oxygéner, 14 / 16 ° semble la bonne température pour apprécier la palette aromatique de cette cuvée 		Non défini
Domaine de Tanella - Le clos Marc Aurèle	France	Provence-Corse	Vin de Corse Figari	rouge	2004	75 cl	2008-10-30	12	12	0	3	5	8	0	peut être bu maintenant, peut aussi attendre 3 ou 4 ans	Vignerons indépendants Lyon		Non défini
Domaine de Tanella Cuvée Alexandra Cuvée Prestige	France	Provence-Corse	Vin de Corse Figari	rouge	2001	75 cl	2008-09-05	0	0	0	3	4	10	0	Température :  16 à 17°C . Carafage :  Une heure avant le service . . Volailles/Gibiers à plumes :  Canard aux olives, Bécasses flambées . Viandes/Gibiers à poils :  Gigot d'agneau rôti, Civet de marcassin, Agneau grillé aux herbes de Provence . Pâtes/Riz/Légumes :  Risotto aux champignons, Aubergines à la parmesane . Cuisine étrangère :  Osso buco alla milanese . 	Le domaine de Tanella créé en 1965 occupe 57 ha. Les cépages locaux corse qu'utilise la domaine produisent des vins étonnants et très plaisant. Cette cuvée Alexandra est née en 1996, en hommage à la fille du vigneron née la même année. Contrairement à la 		Non défini
Domaine de Tanella Cuvée Alexandra Cuvée Prestige	France	Provence-Corse	Vin de Corse Figari	rouge	2004	75 cl	2008-10-30	12	12	0	3	5	10	0	Attendre 2009 Voire 2010	Vignerons indépendants Lyon		Non défini
Domaine de Tanella Cuvée Alexandra Cuvée Prestige	France	Provence-Corse	Vin de Corse Figari	rouge	2007	75 cl	2011-10-08	0	0	0	1	2	5	2			pour Véro	Salon de vignerons
Domaine de Thalabert - Paul Jaboulet	France	Vallée du Rhône	Crozes-Hermitage	rouge	2016	75 cl	2020-10-18	0	0	0	1	4	10	4			Offert par Alex et Nico	Cadeau
Domaine de Tudery - Les Capitelles	France	Languedoc-Roussillon	Saint Chinian	rouge	2003	75 cl	2007-12-25	0	0	0	1	3	8	0				Non défini
Domaine de Vens - Jacquère	France	Savoie, Dauphiné et Bugey	Vin de Savoie	blanc	2011	75 cl	2013-06-16	0	12.7	0	2	1	4	1			Fête des pères 2013	Cadeau
Domaine de Vens - Mondeuse noire	France	Savoie, Dauphiné et Bugey	Vin de Savoie	rouge	2011	75 cl	2013-06-16	0	13.5	2	2	2	5	2			Fête des pères 2013	Cadeau
Domaine Deleuze-Rochetin - Saba Grande Vigne	France	Languedoc-Roussillon	Vin de Pays d'Oc	rouge	2013	75 cl	2015-08-09	0	0	0	1	1	3	1		acheté en direct	offert par Cécile Dekeyser	Cadeau
Domaine des 3 étoiles - Peissy fruité	Suisse	Genève	Peissy	blanc moëlleux	2018	75 cl	2021-01-23	0	10	0	1	1	5	1			cadeau fin d'année 2020 CdC	Cadeau
Domaine des Ardoisières - Schiste	France	Savoie, Dauphiné et Bugey	Vin de Pays d'Allobrogie	blanc	2006	75 cl	2009-02-14	18	18	0	1	2	7	0	sur fruits de mer &quot;nature&quot;, vu le coté minéral (pas trop de sauce type crème)	La java des flacons Annecy le vieux.. très minéral, gagne en vieillissant mais bon à boire 		Non défini
Domaine des Béguineries - Cuvée du Vent Fleuri	France	Vallée de la Loire	Chinon	blanc	2007	75 cl	2010-07-19	10.5	10.5	0	3	1	15	1		ATTENTION C'EST UN VIN SEC !!!	chez le producteur	En direct du producteur
Domaine des Béguineries - Cuvée du Vent Fleuri	France	Vallée de la Loire	Chinon	blanc	2008	75 cl	2010-07-19	8.5	8.5	0	3	1	10	4			chez le producteur	En direct du producteur
Domaine des Béguineries - Cuvée Elise	France	Vallée de la Loire	Chinon	rouge	2005	75 cl	2010-07-19	11	11	0	3	1	10	1			chez le producteur	En direct du producteur
Domaine des Béguineries - Cuvée Elise	France	Vallée de la Loire	Chinon	rouge	2002	75 cl	2010-07-19	9.25	9.25	0	3	1	10	1			chez le producteur	En direct du producteur
Domaine des Béguineries - Eveil des sens	France	Vallée de la Loire	Chinon	rouge	2009	75 cl	2010-07-19	0	0	0	1	1	5	1			chez le producteur	En direct du producteur
Domaine des Crais, Hippocrate	France	Bourgogne	Saint Véran	blanc	2023	75 cl	2024-09-27	17.1	17.1	1	1	2	7	2			Cave les 2 Roches, 71 Prissé	Caviste
Domaine des Forges	France	Vallée de la Loire	Côteaux du Layon 1er Cru Chaume	blanc liquoreux	2007	75 cl	2008-10-30	10	10	0	1	4	25	0	Attendre...	Vignerons indépendants Lyon		Non défini
Domaine des Forges - Les Onnis	France	Vallée de la Loire	Côteaux du Layon 1er Cru Chaume	blanc liquoreux	2007	75 cl	2008-10-30	14.5	14.5	0	1	4	25	0		Vignerons indépendants Lyon		Non défini
Domaine des Mouchottes	France	Bourgogne	Bourgogne Hautes Côtes de Nuits	rouge	2005	75 cl	2007-02-15	5.5	5.5	0	3	3	10	0		acheté à Auchan lors de la foire aux vins		Non défini
Domaine des Muses - Humagne blanche	Suisse	Valais	Sierre	blanc	2006	75 cl	2008-03-13	18	18	0	2	1	5	0	velouté de champignons	Acheté chez Lavinia à Genève		Non défini
Domaine des Pins - La Part des Anges	Suisse	Genève	Dardagny	vin rouge muté	2006	50 cl	2009-02-08	0	0	0	1	2	10	0	Chocolat !	Gilles et Sofia, première séance &quot;dégustation&quot; avec Franck et Cécile. Conservation ??? peut être longtemps...		Non défini
Domaine des Pins - La Part des Anges	Suisse	Genève	Dardagny	vin rouge muté	-0	50 cl	2009-10-07	0	0	0	1	1	5	0	chocolat ! assez frais	Lavinia Genève		Non défini
Domaine des Roches Neuves - La Marginale	France	Vallée de la Loire	Saumur-Champigny	rouge	2010	75 cl	2016-01-24	0	0	0	1	3	10	3			offert par Eric	Cadeau
Domaine des Rosiers - Vieilles Vignes	France	Beaujolais	Moulin à Vent	rouge	2005	75 cl	2007-02-15	6.95	6.95	0	6	4	8	0		Acheté à Auchan à la foire aux vins		Non défini
Domaine des Virets - Pinot Noir	Suisse	Valais	Saint-Léonard	rouge	2011	75 cl	2014-05-27	0	10	0	1	1	5	1			offert par Vincent Ribeaud (Broadridge)	Cadeau
Domaine Dieulefit - Les Vieux Grenache des Garrigues	France	Vallée du Rhône	Visan	rouge	2007	75 cl	2011-02-13	0	0	0	1	1	5	1	Service: salade de gésiers, magret de canard grillé ou confits à l?orange avec des légumes de saison et pâtes fraîches.	offert par Flo et Mab.. Dégustation:. L?expression d?un Grenache du sud de la vallée du Rhône,l'intensité aromatique,des tanins présent mais enrobés assurant la longueur en bouche.. Robe: Ce vin présente une belle robe rubis grenat.. Nez: arômes de fruits rouges mûrs, pruneaux.. Bouche: Un vin ample, puissant, arômes de petits fruits rouges cuits, confiture de cerises noires, très long et intense.	Cave Filaterie Annecy - 12 rue Filaterie	Caviste
Domaine Doudet - Corton Maréchaudes	France	Bourgogne	Corton	rouge	2006	75 cl	2009-09-15	29.95	29.95	0	2	1	15	0		FAV Auchan 09-2009		Non défini
Domaine du Bas Rocher - Sec	France	Vallée de la Loire	Vouvray	blanc	1996	75 cl	2009-11-22	0	10	0	1	4	20	4	à boire dès maintenant	Offert par Jérôme et Stéphanie		Non défini
Domaine du Bel Air - Les Vingt Lieux Dits	France	Vallée de la Loire	Bourgueil	rouge	2012	75 cl	2016-01-26	0	0	0	1	4	15	4			échangé contre un Trapet avec Yann Cena	Echange
Domaine du Bois-Huaut - Gamay	France	Vallée de la Loire	Vin de Pays du Val de Loire	rosé	2022	75 cl	2025-03-02	0	0	0	1	1	5	1			Récupéré dans la cave de papa	Non défini
Domaine du Cellier des Cray - Octavie	France	Savoie, Dauphiné et Bugey	Vin de Savoie	rouge	2017	75 cl	2021-07-25	0	28.9	1	1	2	10	2			Offert par Jérôme et Stéphanie	Cadeau
Domaine du Château de Meursault	France	Bourgogne	Savigny-Lès-Beaune	rouge	2006	75 cl	2012-03-18	11	11	0	3	3	12	7			Meursault	En direct du producteur
Domaine du Château de Meursault -  1er Cru Les Peuillets	France	Bourgogne	Savigny-Lès-Beaune	rouge	2009	75 cl	2011-06-12	14.5	14.5	0	3	3	12	3			Par Yves Ruaux	En direct du producteur
Domaine du Clos Naudin - Demi-Sec	France	Vallée de la Loire	Vouvray	blanc	2008	75 cl	2010-08-04	13.7	13.7	0	6	4	20	4			Vouvray, clos Naudin	En direct du producteur
Domaine du Clos Naudin - Méthode traditionnelle Brut	France	Vallée de la Loire	Vouvray	blanc effervescent	-0	75 cl	2010-08-04	8.5	8.5	0	3	1	4	1			Vouvray, clos Naudin	En direct du producteur
Domaine du Clos Naudin - Méthode traditionnelle Brut Réserve	France	Vallée de la Loire	Vouvray	blanc effervescent	2002	75 cl	2010-08-04	16	16	0	1	1	20	1			Vouvray, clos Naudin	En direct du producteur
Domaine du Clos Naudin - Méthode traditionnelle Extra Brut	France	Vallée de la Loire	Vouvray	blanc effervescent	2019	75 cl	2025-03-02	21	21	3	6	1	10	1			1J1V	Achat sur Internet
Domaine du Clos Naudin - Réserve	France	Vallée de la Loire	Vouvray	blanc moëlleux	2002	75 cl	2010-07-19	0	0	0	1	4	20	4		offert suite à notre visite et à nos achats chez eux	chez le producteur	En direct du producteur
Domaine du Clos Naudin - Réserve	France	Vallée de la Loire	Vouvray	blanc moëlleux	2008	75 cl	2010-08-04	20	20	1	2	10	30	25			Vouvray, clos Naudin	En direct du producteur
Domaine du Clos Naudin - Réserve	France	Vallée de la Loire	Vouvray	blanc moëlleux	2003	75 cl	2010-08-04	24.5	24.5	1	1	4	30	25			Vouvray, clos Naudin	En direct du producteur
Domaine du Clos Naudin - Sec	France	Vallée de la Loire	Vouvray	blanc	2008	75 cl	2010-08-04	11.7	11.7	0	3	7	20	7		sur le fruit au départ, tire sur le coté purement minéral après une dizaine d'années. Des arômes de pierre à fusil, quartz.	Vouvray, clos Naudin	En direct du producteur
Domaine du Clos Naudin - Sec	France	Vallée de la Loire	Vouvray	blanc	2011	75 cl	2013-06-02	13.8	13.8	0	3	4	20	4			commandé chez Foreau	En direct du producteur
Domaine du Clos Naudin - Sec	France	Vallée de la Loire	Vouvray	blanc	2012	75 cl	2013-06-02	14.8	14.8	0	3	4	20	4			commandé chez Foreau	En direct du producteur
Domaine du Comte de Voguë - Grand Cru	France	Bourgogne	Musigny	rouge	1933	75 cl	2014-07-18	0	0	0	1	4	15	4			Par Manu Dunand	Non défini
Domaine du Coulet, Quinquin	France	Vallée du Rhône	Vin de Pays de l'Ardèche	blanc	2020	75 cl	2023-09-30	17	17	1	1	1	2	1			caviste Le Terminus Ruoms	Caviste
Domaine du Grand Clos - Audebert et Fils	France	Vallée de la Loire	Bourgueil	rouge	2005	75 cl	2010-07-19	9	9	0	3	4	15	4			chez le producteur	En direct du producteur
Domaine du Moulin de Dusenbach - Réserve	France	Alsace et Lorraine	Alsace Gewurztraminer	blanc	2006	75 cl	2008-04-13	5	5	0	1	1	6	0				Non défini
Domaine du Paternel, Blanc de Blancs	France	Provence-Corse	Cassis	blanc	2023	75 cl	2024-05-25	0	0	1	1	2	5	2			cadeau d'Eric	Cadeau
Domaine du Pegau - Cuvée Réservée	France	Vallée du Rhône	Châteauneuf du Pape	rouge	2006	75 cl	2009-12-28	0	35	0	1	3	10	3		Cadeau Broadridge noël 2009	Broadridge	Non défini
Domaine du Père Caboche - Elisabeth Chambellan Vieilles Vignes	France	Vallée du Rhône	Châteauneuf du Pape	rouge	2006	75 cl	2009-04-19	17	17	0	3	3	15	0		Par Le père de Franck		Non défini
Domaine du Tariquet - Ugni blanc-Colombard	France	Sud-Ouest	Vin de Pays des Côtes de Gascogne	blanc	2006	75 cl	2008-03-21	4.1	4.1	0	2	1	2	0		Foire aux vins de printemps Carrefour		Non défini
Domaine du Vieux Télégraphe	France	Vallée du Rhône	Châteauneuf du Pape	blanc	2007	75 cl	2013-05-05	0	45	0	1	2	10	2		Offert par Anthony et Carole.	Offert par Anthony et Carole	Cadeau
Domaine Dubreuil-Fontaine - 1er Cru Epenots	France	Bourgogne	Pommard	rouge	2010	75 cl	2017-06-25	0	75	0	1	5	25	10			offert par Alex et Nicolas Métais	Cadeau
Domaine Dujac	France	Bourgogne	Meursault	blanc	2004	75 cl	2008-08-22	24	24	0	1	4	20	0	Pour poisson au four.. Ouvrir et carafer 1 h à l'avance.	Lavinia Genève		Non défini
Domaine Dupasquier	France	Savoie, Dauphiné et Bugey	Roussette de Savoie Marestel	blanc	2006	75 cl	2009-10-10	8	8	0	2	2	10	0	foie gras, apéritif...	La fameuse Marestel de Dupasquier... 2006 n'est pqs une grande année de garde, contrairement à 2007. Devrait être OK pdt 10 ans mais déjà très agréable en 2009		Non défini
Domaine Dupasquier	France	Savoie, Dauphiné et Bugey	Roussette de Savoie Marestel	blanc	2004	75 cl	2009-10-16	13	13	0	1	2	25	0		La Java des Flacons, Annecy le Vieux.		Non défini
Domaine Dupasquier	France	Savoie, Dauphiné et Bugey	Roussette de Savoie Marestel	blanc	2004	1,5 l	2010-05-01	20	20	0	3	10	20	12			Chez Dupasquier	En direct du producteur
Domaine Dupasquier	France	Savoie, Dauphiné et Bugey	Roussette de Savoie Marestel	blanc	2007	75 cl	2010-05-01	9	9	0	4	2	10	7			Chez Dupasquier	En direct du producteur
Domaine Dupasquier	France	Savoie, Dauphiné et Bugey	Roussette de Savoie Marestel	blanc	1988	75 cl	2010-08-29	10	20	0	1	2	25	22		presqu'offert ! bcp de mal pour avoir accès à une telle bouteille... Mais pas question prix, ils l'auraient vendue 30 que j'aurais payé avec plaisir !	Chez Dupasquier	En direct du producteur
Domaine Dupasquier	France	Savoie, Dauphiné et Bugey	Vin de Savoie	rosé	-0	75 cl	2010-08-29	4.6	4.6	0	4	1	3	1			Chez Dupasquier	En direct du producteur
Domaine Dupasquier	France	Savoie, Dauphiné et Bugey	Roussette de Savoie Marestel	blanc	2008	75 cl	2011-05-01	9.5	9.5	0	5	5	15	5			chez le propriétaire	En direct du producteur
Domaine Dupasquier	France	Savoie, Dauphiné et Bugey	Roussette de Savoie Marestel	blanc	2009	75 cl	2012-05-26	10	10	0	6	6	15	6		recommandation Dupasquier, laisser encore 3 ans sans toucher	Jongieux	En direct du producteur
Domaine Dupasquier	France	Savoie, Dauphiné et Bugey	Roussette de Savoie Marestel	blanc	2010	75 cl	2013-11-09	10	10	0	6	1	5	1			chez Dupasquier	En direct du producteur
Domaine Dupasquier	France	Savoie, Dauphiné et Bugey	Roussette de Savoie Marestel	blanc	2010	1,5 l	2016-08-27	25	25	1	2	1	15	12		à oublier quelques années !	Aimavigne - Jongieux	En direct du producteur
Domaine Dupasquier	France	Savoie, Dauphiné et Bugey	Roussette de Savoie Marestel	blanc	2012	75 cl	2016-08-27	10.8	10.8	0	6	1	15	12		à oublier quelques années !	Aimavigne - Jongieux	En direct du producteur
Domaine Dupasquier	France	Savoie, Dauphiné et Bugey	Roussette de Savoie Marestel	blanc	2002	75 cl	2016-08-27	20.8	20.8	0	2	1	20	15		pour l'anniversaire des 18 ans de Titouan ?	Aimavigne - Jongieux	En direct du producteur
Domaine Dupasquier	France	Savoie, Dauphiné et Bugey	Roussette de Savoie Marestel	blanc	2013	75 cl	2018-05-06	11.3	11.3	0	6	1	15	7		Encore fermé en 2018 attendre 2020	Caves ouvertes 2018	En direct du producteur
Domaine Dupasquier	France	Savoie, Dauphiné et Bugey	Roussette de Savoie Marestel	blanc	2019	75 cl	2024-05-04	14	14	3	6	1	20	1				En direct du producteur
Domaine Dupasquier	France	Savoie, Dauphiné et Bugey	Roussette de Savoie Marestel	blanc	2002	1,5 l	2024-05-04	0	31	0	1	1	25	1				En direct du producteur
Domaine Dupasquier	France	Savoie, Dauphiné et Bugey	Roussette de Savoie Marestel	blanc	2018	1 l	2024-05-04	32	32	1	1	1	4	1				En direct du producteur
Domaine Dupasquier	France	Savoie, Dauphiné et Bugey	Vin de Savoie	rosé	2020	75 cl	2024-05-04	6.5	6.5	2	3	1	6	1				En direct du producteur
Domaine Dupasquier - Altesse	France	Savoie, Dauphiné et Bugey	Roussette de Savoie	blanc	2007	75 cl	2009-10-10	5.6	5.6	0	3	2	5	0				Non défini
Domaine Dupasquier - Altesse	France	Savoie, Dauphiné et Bugey	Roussette de Savoie	blanc	2008	75 cl	2011-05-01	6.3	6.3	0	2	2	5	2			Jongieux	En direct du producteur
Domaine Dupasquier - Altesse	France	Savoie, Dauphiné et Bugey	Roussette de Savoie	blanc	2012	75 cl	2016-08-27	7.1	7.1	0	6	2	5	2			Aimavigne - Jongieux	En direct du producteur
Domaine Dupasquier - Altesse	France	Savoie, Dauphiné et Bugey	Roussette de Savoie	blanc	2014	75 cl	2018-05-06	7.5	7.5	0	6	2	5	2			Caves ouvertes 2018	En direct du producteur
Domaine Dupasquier - Altesse	France	Savoie, Dauphiné et Bugey	Roussette de Savoie	blanc	2019	75 cl	2024-05-04	9.7	9.7	4	6	2	10	2				En direct du producteur
Domaine Dupasquier - Chardonnay	France	Savoie, Dauphiné et Bugey	Vin de Savoie	blanc	2008	75 cl	2011-05-01	6.1	6.1	0	3	1	5	1			Jongieux	En direct du producteur
Domaine Dupasquier - Cuvée Fleur d'Altesse	France	Savoie, Dauphiné et Bugey	Roussette de Savoie Marestel	blanc	2005	75 cl	2010-05-01	16	16	0	1	1	25	10			Chez Dupasquier	En direct du producteur
Domaine Dupasquier - Gourmandise	France	Savoie, Dauphiné et Bugey	Vin de Savoie	rouge	2016	75 cl	2021-03-13	0	0	1	1	2	5	2		offert par Eric	Jongieux chez Dupasquier	Cadeau
Domaine Dupasquier - Jacquère	France	Savoie, Dauphiné et Bugey	Vin de Savoie	blanc	2011	75 cl	2013-11-09	4.2	4.2	0	6	1	4	1		pour fondues, raclettes etc.	chez Dupasquier	En direct du producteur
Domaine Dupasquier - Jacquère	France	Savoie, Dauphiné et Bugey	Vin de Savoie	blanc	2013	75 cl	2016-08-27	4.6	4.6	0	3	1	4	1		pour la fondue !	Aimavigne - Jongieux	En direct du producteur
Domaine Dupasquier - Jacquère	France	Savoie, Dauphiné et Bugey	Vin de Savoie	blanc	2015	75 cl	2018-05-06	5	5	0	6	1	4	1			Caves ouvertes 2018	En direct du producteur
Domaine Dupasquier - Jacquère	France	Savoie, Dauphiné et Bugey	Vin de Savoie	blanc	2020	75 cl	2024-05-05	6.5	6.5	0	6	1	8	1		portes ouvertes 2024	Jongieux	En direct du producteur
Domaine Dupasquier - Mondeuse	France	Savoie, Dauphiné et Bugey	Vin de Savoie	rouge	2006	75 cl	2010-05-01	6.1	6.1	0	3	2	8	5			Chez Dupasquier	En direct du producteur
Domaine Dupasquier - Mondeuse	France	Savoie, Dauphiné et Bugey	Vin de Savoie	rouge	2004	1,5 l	2010-08-29	15	17	0	1	2	12	2			Chez Dupasquier	En direct du producteur
Domaine Dupasquier - Mondeuse	France	Savoie, Dauphiné et Bugey	Vin de Savoie	rouge	2007	75 cl	2010-08-29	0	8	0	1	2	5	2		offert	Chez Dupasquier	En direct du producteur
Domaine Dupasquier - Mondeuse Blanche	France	Savoie, Dauphiné et Bugey	Vin de Savoie	blanc	2013	75 cl	2016-08-27	9.5	9.5	0	3	1	7	3		potentiel de vieillissement à déterminer car réintroduction récente de la mondeuse blanche chez Dupasquier	Aimavigne - Jongieux	En direct du producteur
Domaine Dupasquier - Mondeuse Blanche	France	Savoie, Dauphiné et Bugey	Vin de Savoie	blanc	2020	75 cl	2024-05-04	14	14	2	3	1	8	1				En direct du producteur
Domaine Dupasquier - Perles d'aimavigne - Blanc de Blancd Brut	France	Autre région	Vin mousseux de qualité	blanc effervescent	-0	75 cl	2012-05-26	7	7	0	4	1	5	1		très bien à l'apéro	Jongieux	En direct du producteur
Domaine E. de Montmollin Fils - Le soliste	Suisse	Neuchâtel	Vin de Pays des Coteaux Neuchâtelois	rouge	2012	75 cl	2016-08-13	0	30	0	1	4	10	6	côte de b?uf, gigot d?agneau,. chasse, vieux gruyère salé	servir entre 14 et 16°	offert par Sandra Monnier	Cadeau
Domaine Edmond Jacquin	France	Savoie, Dauphiné et Bugey	Roussette de Savoie Marestel	blanc	2007	75 cl	2009-08-15	7.7	7.7	0	2	1	15	0		Carrefour Market		Non défini
Domaine Edmond Jacquin	France	Savoie, Dauphiné et Bugey	Roussette de Savoie Marestel	blanc	2008	75 cl	2010-02-06	7.95	7.95	0	2	1	5	1			Carrefour Market Cruseilles	Grande surface
Domaine Edmond Jacquin	France	Savoie, Dauphiné et Bugey	Roussette de Savoie Marestel	blanc	2009	75 cl	2010-08-22	7	7	0	1	1	5	1			Carrefour Market Cruseilles	Grande surface
Domaine Farjon	France	Vallée du Rhône	Saint Joseph	rouge	2015	75 cl	2017-08-06	0	0	1	1	3	10	3			offert par Eric	Cadeau
Domaine Fernand Engel - Cuvée Angélique	France	Alsace et Lorraine	Alsace Riesling	blanc	2008	75 cl	2009-11-28	7	7	0	1	1	5	1			Carrefour Market Cruseilles	Grande surface
Domaine Fiumicicoli	France	Provence-Corse	Vin de Corse-Sartène	rouge	2003	75 cl	2010-10-03	0	0	0	1	2	5	2		Séb et Gaelle	cadeau	Cadeau
Domaine Fiumicicoli	France	Provence-Corse	Vin de Corse-Sartène	rouge	2010	75 cl	2012-06-10	0	0	0	1	2	5	2		Ne pas garder trop longtemps	offert par guibbs	Cadeau
Domaine Fiumicicoli	France	Provence-Corse	Vin de Corse-Sartène	blanc	2011	75 cl	2012-06-10	0	0	0	1	1	4	1		ne pas garder trop longtemps	offert par guibbs	Cadeau
Domaine François Chidaine - Clos du Breuil	France	Vallée de la Loire	Montlouis-sur-Loire	blanc	2006	75 cl	2009-02-14	15	15	0	2	4	20	0	Sur plats un peu épicés genre curry de poulet. Carafer si jeune.	la java des flacons Annecy Le Vieux.. 		Non défini
Domaine François Gerbet	France	Bourgogne	Vosne-Romanée	rouge	2004	75 cl	2007-04-05	15.4	15.4	0	2	2	5	0		Acheté à la maison des vins, place de l'église, 21700 Vosne Romanée. 03-80-62-32-99. 		Non défini
Domaine François Gerbet - 1er Cru Les Petits Monts	France	Bourgogne	Vosne-Romanée	rouge	2004	75 cl	2007-04-05	25	25	0	2	5	10	0				Non défini
Domaine François Gerbet - Aux Réas	France	Bourgogne	Vosne-Romanée	rouge	2004	75 cl	2007-04-05	18.5	18.5	0	2	2	5	0		Médaille d'or Paris 2007		Non défini
Domaine Ganevat - Les Vignes de mon Père	France	Jura	Côtes du Jura	blanc	2004	75 cl	2015-08-01	45	45	0	3	11	20	11		élevé 11 ans, ouillé. le 2004 a été mis en bouteille en 2015.	chez Ganevat via Franck	En direct du producteur
Domaine Gayda - Chemin de Moscou	France	Languedoc-Roussillon	Vin de Pays d'Oc	rouge	2009	75 cl	2012-05-21	19.5	19.5	0	3	1	3	1			par Franck	En direct du producteur
Domaine Gayda - Chemin de Moscou	France	Languedoc-Roussillon	Vin de Pays d'Oc	rouge	2020	75 cl	2024-01-21	0	23	1	1	1	7	4			Offert par Angélique et Olivier	Cadeau
Domaine Gayda Syrah	France	Languedoc-Roussillon	Vin de Pays d'Oc	rouge	2010	75 cl	2012-05-21	6.5	6.5	0	3	1	3	1			par Franck	En direct du producteur
Domaine Geneletti	France	Jura	Arbois	rouge	2007	75 cl	2008-10-30	11.3	11.3	0	3	2	5	0		Vignerons indépendants Lyon		Non défini
Domaine Geneletti - Vieilles Vignes	France	Jura	L'Etoile	blanc	2004	75 cl	2008-10-31	8.2	8.2	0	5	5	12	0	Déguster entre 12 et 14° sur des platqs a la creme, poissons, fruits de mer, fromages et viandes blanches.	il vieillit pendant plusieurs années en fût de chêne et acquiert la finesse et l'élégance caractréristique de l'AOC.. On dit qu'un vin de l'Etoile est tout en dentelle.		Non défini
Domaine Gerin - La Champine	France	Vallée du Rhône	Vin de Pays des Collines Rhodaniennes	rouge	2013	75 cl	2015-02-14	0	0	0	1	1	5	1			offert par Yann Cena	En direct du producteur
Domaine Gilles Bonnefoy - La Plantée du Pizet	France	Vallée de la Loire	Côtes du Forez	rosé	2007	75 cl	2008-07-18	6	6	0	1	1	2	0				Non défini
Domaine Gonon - Vieilles Vignes	France	Bourgogne	Pouilly-Fuissé	blanc	2023	75 cl	2024-09-27	20	20	1	1	3	15	3			Cave des 2 Roches, 71 Prissé	Caviste
Domaine Gouillon	France	Beaujolais	Brouilly	rouge	2005	75 cl	2007-02-15	5.25	5.25	0	3	1	6	0		Acheté à Auchan lors de la foire aux vins		Non défini
Domaine Grace - Hishiyama Private Reserve	Japon	Yamanashi	Yamanashi	blanc	2023	75 cl	2025-09-25	39.9	39.9	3	3	1	5	1	Sushis	Le vignoble de Hishiyama présente des sols granitiques minéraux, et ce vin pressé en grappes entières a été fermenté et élevé dans des cuves en acier inoxydable. Il présente un nez complexe d'huile essentielle d'orange, d'écorce de yuzu et de pêche blanche. La bouche est savoureuse avec des fruits verts et des fruits blancs, délicate et équilibrée avec une texture huileuse. Le citron vert et des touches d'épices douces conduisent à des notes de melon et d'umami sur la longue finale. 2025-2028 » (Decanter 2025) - bouchon à vis	1J1V	Non défini
Domaine Grand - Savagnin	France	Jura	Côtes du Jura	blanc	2002	75 cl	2009-09-27	6	6	0	1	1	5	0		Carouf Market Cruseilles.		Non défini
Domaine Grand - Savagnin	France	Jura	Côtes du Jura	blanc	2009	75 cl	2010-08-21	0	7	0	1	1	5	1			Carrefour Market Cruseilles	Grande surface
Domaine Grand Romane	France	Vallée du Rhône	Gigondas	rouge	2012	75 cl	2016-01-16	0	0	1	1	4	10	4			offert par Jérôme et Stéphanie	Cadeau
Domaine Grisard - Mondeuse	France	Savoie, Dauphiné et Bugey	Vin de Savoie Saint-Jean-de-la-Porte	rouge	2015	75 cl	2017-08-13	0	0	0	1	1	5	1			Offert pas Marie et Sébastien	Cadeau
Domaine Grisard - Souveraine	France	Savoie, Dauphiné et Bugey	Roussette de Savoie	blanc	2022	75 cl	2024-01-21	17	17	1	1	2	5	2			Comptoir de lapero savoyard cruseilles	Caviste
Domaine Grisard, Mondeuse Cuvée Prestige	France	Savoie, Dauphiné et Bugey	Vin de Savoie Saint-Jean-de-la-Porte	rouge	2009	75 cl	2011-03-19	0	0	0	1	1	5	1		Offert par Eric pour mes 42 ans		Cadeau
Domaine Guirardel - Sans voile	France	Sud-Ouest	Jurançon Sec	blanc	2015	75 cl	2022-05-04	0	0	0	1	2	5	2			par Franck	Non défini
Domaine Hauvette - Pétra	France	Provence-Corse	Les Baux de Provence	rosé	2017	75 cl	2019-09-14	23	23	0	3	1	4	1		goûté chez Yoann Conte, énorme surprise	site ardoneo	Achat sur Internet
Domaine Henri Darnat - 1er Cru Aux Coucherias	France	Bourgogne	Beaune	rouge	2013	75 cl	2016-08-14	0	30	0	1	4	12	8			offert par Anthony Mahut	Cadeau
Domaine Henri Delagrange - Les Vaumuriens Hauts	France	Bourgogne	Pommard	rouge	2016	75 cl	2018-02-23	27	27	3	3	5	25	8		facile d'accès, riche et concentré, tannins fins mais bien présents nécessitant un peu d'attente pour mieux se fondre dans le vin	salon des vins Annemasse	En direct du producteur
Domaine Henri Delagrange - Vieilles Vignes	France	Bourgogne	Volnay	rouge	2013	75 cl	2015-11-01	23.5	23.5	0	6	2	8	5	Il accompagnera très bien les plats à base de volailles patiemment rôties ou laquées ainsi que les fromages crémeux. . Température de service : 14 à 16 °C	Vin de couleur rubis, à la fois tendre et savoureux, qui exhale des parfums d?une grande finesse, comme les petits fruits rouges (framboise, mûre) et la violette. Vins au caractère féminin.	Le cellier volnaysien	Agent / Représentant
Domaine Henri Delagrange - Vieilles Vignes	France	Bourgogne	Volnay	rouge	2016	75 cl	2018-02-23	27	27	3	3	3	10	4			salon des vins Annemasse	En direct du producteur
Domaine Henri Gouges - Pinot Blanc	France	Bourgogne	Bourgogne	blanc	2010	75 cl	2012-03-17	10	10	0	3	2	5	3		du pinot noir qui a muté tout seul pour devenir du pinot blanc et qui a été bouturé depuis 1955 pour faire une parcelle complète.	Nuits St Georges	Salon de vignerons
Domaine Huber-Verdereau	France	Bourgogne	Pommard	rouge	2005	75 cl	2007-04-05	18	18	0	3	8	25	0		Acheté à Pommard à la cave regroupant 16 vignerons de Pommard.		Non défini
Domaine Jean Bourdy	France	Jura	Château-Châlon	vin jaune	1969	75 cl	2009-03-15	0	150	0	1	10	150	0		Offert par Nath pour mes 40 ans		Non défini
Domaine Jean Bourdy	France	Jura	Château-Châlon	vin jaune	1969	62,5 cl	2009-07-26	0	215	0	1	7	200	0		Offerte par Nath pour mes 40 ans		Non défini
Domaine Jean Collet et Fils - 1er Cru Vaillons	France	Bourgogne	Chablis	blanc	2006	75 cl	2009-12-25	0	0	0	1	2	15	5	Accords mets : Le Vaillons mérite d'être associé aux mets de choix: poissons, charcuterie fine, volailles ou viandes blanches.	Notre Vaillons présente l'intérêt de pouvoir être bu selon l'envie de l'amateur: rapidement pour profiter du fruit mais il sera à sa plénitude après 3 à 6 ans de bouteille.. 	Cadeau noël 2009 Loïc St Max	Caviste
Domaine Jean Macle	France	Jura	Macvin du Jura	vin blanc muté	2002	75 cl	2007-11-10	16	16	0	1	1	20	0				Non défini
Domaine Jean Macle	France	Jura	Château-Châlon	vin jaune	1999	62 cl	2007-11-11	35	35	0	1	4	30	0		Attendre 2015...		Non défini
Domaine Jean Macle	France	Jura	Côtes du Jura	blanc	2004	75 cl	2007-11-10	8	8	0	3	2	5	0		16/20 dans le grand guide des vins de France 2008, par Bettane et Dessauve		Non défini
Domaine Jean Macle	France	Jura	Crémant du Jura	blanc effervescent	2006	75 cl	2007-11-11	6.5	6.5	0	4	1	5	0				Non défini
Domaine Jean Macle	France	Jura	Côtes du Jura	blanc	2003	1,5 l	2009-02-20	37.6	37.6	1	1	2	5	0		eBay, frais de port inclus		Non défini
Domaine Jean Macle	France	Jura	Château-Châlon	vin jaune	1999	62,5 cl	2007-11-01	35	35	0	1	4	30	4		remis en cave suite suppression cavus par erreur		Non défini
Domaine Jean Macle	France	Jura	Château-Châlon	vin jaune	2000	62,5 cl	2009-07-24	37	37	1	2	4	30	4		Attendre les 20 ans soit 2020.. Ne craint pas bcp les variations non brusques de température. Craint un peu l'humidité. Autant les conserver dans un endroit pas trop humide, en haut de la cave.		Non défini
Domaine Jean Macle	France	Jura	Château-Châlon	vin jaune	2002	62,5 cl	2009-07-24	36	36	1	2	4	30	4		Attendre les 20 ans soit 2020.. Ne craint pas bcp les variations non brusques de température. Craint un peu l'humidité. Autant les conserver dans un endroit pas trop humide, en haut de la cave.		Non défini
Domaine Jean Macle	France	Jura	Côtes du Jura	blanc	2006	75 cl	2009-07-24	10	10	0	7	5	25	0		Attendre au moins 10 ans		Non défini
Domaine Jean Macle	France	Jura	Macvin du Jura	vin blanc muté	-0	75 cl	2009-07-24	18	18	1	1	1	5	0		Se conserve infiniment même une fois ouvert.		Non défini
Domaine Jean Macle	France	Jura	Côtes du Jura	blanc	2018	75 cl	2024-03-16	0	25	1	1	2	12	2			Cadeau Nath (Lavinia)	Caviste
Domaine Jean Macle - Chardonnay sous voile	France	Jura	Côtes du Jura	blanc	2018	75 cl	2025-01-04	29.9	29.9	3	3	5	20	5			Le carré des vins	Achat sur Internet
Domaine Jean Masson - Cuvée Lisa	France	Savoie, Dauphiné et Bugey	Vin de Savoie Apremont	blanc	2016	75 cl	2018-03-17	7.5	7.5	0	6	1	5	1		sec, tendu, droit	Apremont	En direct du producteur
Domaine Jean Masson et Fils - Dames Bise	France	Savoie, Dauphiné et Bugey	Vin de Savoie Apremont	blanc	2016	75 cl	2018-03-17	13	13	0	6	1	5	1		plus riche que la cuvée Lisa, plus complexe, plus long, concentration due à de faibles rendements (22 hl/ha au lieu de 68 autorisés)	Apremont	En direct du producteur
Domaine Jean-Pierre Michel - Sur le chêne	France	Bourgogne	Viré-Clessé	blanc	2021	75 cl	2024-09-29	21	21	1	1	2	7	2			Caviste Cluny	Caviste
Domaine Jo Pithon	France	Vallée de la Loire	Quarts de Chaume	blanc liquoreux	2011	50 cl	2013-06-02	40	40	1	1	4	25	4		Foire aux vins Arbusigny		En direct du producteur
Domaine Joblot - 1er Cru	France	Bourgogne	Givry	blanc	2012	75 cl	2014-03-28	0	12.5	0	1	2	6	2		à goûter avec Hervé	offert par Hervé Gressani un soir de beuverie...	Non défini
Domaine Kientzler	France	Alsace et Lorraine	Alsace Pinot Blanc	blanc	2005	75 cl	2009-04-08	6.9	6.9	0	3	1	5	1				Non défini
Domaine Kientzler - Auxerrois K	France	Alsace et Lorraine	Alsace Auxerrois	blanc	2005	75 cl	2009-04-11	11.4	11.4	0	6	1	5	0				Non défini
Domaine Kientzler - Grand Cru Geisberg	France	Alsace et Lorraine	Alsace Riesling	blanc	2006	75 cl	2009-04-11	22	22	0	3	2	12	0				Non défini
Domaine L'Enclos, Gros Manseng	France	Sud-Ouest	Vin de Pays des Côtes de Gascogne	blanc moëlleux	2006	75 cl	2008-04-12	4.98	4.98	0	1	1	3	0		Carrefour		Non défini
Domaine la Colombe - La Colombe Noire Réserve	Suisse	Vaud	La Côte	rouge	2015	75 cl	2018-06-09	31	31	1	1	1	5	1			Lavinia Genève	Caviste
Domaine La Colombe - Le Petit Clos	Suisse	Vaud	Mont-sur-Rolle	blanc	2016	75 cl	2018-06-09	18	18	1	1	1	5	1			Lavinia Genève	Caviste
Domaine La Croix Belle - N°7	France	Languedoc-Roussillon	Vin de Pays des Côtes de Thongue	blanc	2010	75 cl	2014-05-27	0	10	0	1	3	5	3	A déguster sur du poisson (loup grillé, rougets, bouillabaisse), de la viande blanche (fondant de veau) ou encore sur du foie gras poêlé. Les amateurs de grands blancs peuvent le servir à l?apéritif. Température idéale : 12-13°C.	Viognier, Chardonnay, Grenache Blanc, Sauvignon, Grenache Gris, Muscat petit grain, Carignan blanc	Offert par Lionel Debray (Broadridge)	Cadeau
Domaine la Monardière - Le Rosé	France	Vallée du Rhône	Vacqueyras	rosé	2005	75 cl	2007-04-03	0	0	0	3	1	3	0				Non défini
Domaine La Moussiére	France	Vallée de la Loire	Sancerre	blanc	2008	75 cl	2009-12-28	14.9	14.9	0	6	1	5	2	Très belle robe or à reflets verts - sur des notes florales et fruitées - vive, souple et souriante - ouvrir 1/4 d'heure avant - 10 à 12°C en apéritif ou pour la dégustation et 12 à 14°C en accompagnement de mets - A savourer sur un tartare de poisson, une mouclade à la Charentaise, un brochet au beurre blanc, une omelette aux girolles, des crottins de Chavignol...	Sol composé de Marnes de Saint-Doulchard (caillottes), Kimméridgiens supérieurs en sous-sol - culture biologique et biodynamique, taille et soin des plaies, ébourgeonnage sévère et vendanges en vert (maîtrise des rendements) - fermentation en cuve pour 50% et le reste en barriques neuves, à des températures comprises entre 18 et 23°C - 100% Sauvignon	1jour1vin	Achat sur Internet
Domaine La Roquète	France	Vallée du Rhône	Châteauneuf du Pape	rouge	1969	75 cl	2009-02-13	32.5	32.5	0	1	3	10	0		ebay 32,50 + 12 de fais de port		Non défini
Domaine le Briseau - Galimatias	France	Autre région	Vin de Table - Vin de France	blanc	-0	75 cl	2008-08-22	15	15	0	1	1	8	0	chardonnay friand avec du sucre residuel à boire en apéritif	paraît-il exceptionnel.. Nez de fruits, vin pleine de fruits avec du sucre résiduel (ananas confits ). La rétro: très complexe avec de la minéralité ...		Non défini
Domaine le Briseau - Les Mortiers	France	Vallée de la Loire	Côteaux du Loir	rouge	2009	75 cl	2012-01-18	20	20	0	6	3	10	3		2 Euros de port par bouteille	commandé	En direct du producteur
Domaine le Briseau - Patapon	France	Vallée de la Loire	Côteaux du Loir	rouge	2009	75 cl	2012-01-18	12	12	0	4	3	10	3		dont 2 Euros de port par bouteille	commandé	En direct du producteur
Domaine Le Conte des Floris - Villafranchien	France	Languedoc-Roussillon	Côteaux du Languedoc	rouge	2010	75 cl	2012-09-06	0	0	0	1	2	5	2	Cassoulet !	Offert avec le cassoulet qui va bien...	Par Franck et Cécile 	Cadeau
Domaine Léon Barral	France	Languedoc-Roussillon	Faugères	rouge	2005	75 cl	2009-07-08	25	25	0	1	3	8	0	viande rouge, fromage de brebis. Charpenté.	Chez Globus, Genève. Très recommandé par le sommelier qui connaît le viticulteur. Celui-ci passe pour être un artiste genre Christophe Abbet.		Non défini
Domaine Les Grandes Vignes	France	Vallée de la Loire	Côteaux du Layon	blanc liquoreux	2006	75 cl	2008-03-29	6.5	6.5	0	1	5	20	0	accord :  A déguster l'apéritif, avec le foie gras.  . service :  Frais 8° et 10° C. . maturité :  Vin de garde. . distinction :  Médaille d'Or à Paris 2007. . 	Sols :  Gravilo-argileux-schiste gris. . Caractéristiques : Arômes d'abricots et de miel, bouche riche, fraîcheur acidulée. . 		Non défini
Domaine Les Grandes Vignes - La Varane	France	Vallée de la Loire	Côteaux du Layon	blanc liquoreux	2006	75 cl	2008-06-15	0	0	0	2	2	40	0	Accord : A déguster l'apéritif, avec le foie gras.. Service : Frais 8° et 10° C.	Caractéristiques : Arômes d'abricots et de miel, bouche riche, fraîcheur acidulée.. Maturité : Vin de garde.. . 		Non défini
Domaine Lezin	France	Vallée du Rhône	Condrieu	blanc	2010	75 cl	2014-07-18	0	25	0	1	3	10	3			Offet par Pierre et Françoise Vergès	Cadeau
Domaine Ligier Père &amp; Fils - Les Mille et Une Nuits	France	Jura	Arbois	blanc	2011	75 cl	2025-03-02	0	0	0	1	2	5	2			Récupéré dans la cave de papa (je lui avais offerte)	Cadeau
Domaine Ligier Père et Fils - Les Chassagnes 	France	Jura	Arbois	rouge	2006	75 cl	2009-04-03	8	8	0	2	2	15	0	Accompagnement : Viandes rouges, gibiers rôtis, fromage	Trousseau     - Elevage 1 ans en cuve + fûts       - Production : 7000 Blles - Potentiel de garde et service : 10 à 15 ans 14°   - 		Non défini
Domaine Ligier Père et Fils - Mille et Une Nuits	France	Jura	Arbois	blanc	2004	75 cl	2009-04-03	10.5	10.5	0	3	4	10	0	Attendre	Foire d'Annemasse aux vignerons indépendants de la Bourgogne et du Jura 		Non défini
Domaine Louis Jadot - 1er Cru Theurons	France	Bourgogne	Beaune	rouge	1997	75 cl	2009-02-14	33	33	0	1	10	20	0		La java des flacons, Annecy Le Vieux.. Doit se conserver jusqu'aux 15/20 ans de Rémi.		Non défini
Domaine Louis Latour -  1er Cru Les Aigrots	France	Bourgogne	Beaune	blanc	2001	75 cl	2016-09-18	14.95	14.95	0	2	1	15	1		FAV 2016 Auchan, 1er cru quoi ?	Auchan	Grande surface
Domaine Louis Magnin	France	Savoie, Dauphiné et Bugey	Vin de Savoie Chignin-Bergeron	blanc	1997	75 cl	2009-05-17	28	28	0	2	1	20	0				Non défini
Domaine Louis Magnin - Jacquère	France	Savoie, Dauphiné et Bugey	Vin de Savoie	blanc	2007	75 cl	2009-05-17	6	6	0	2	1	3	0		à boire rapidement		Non défini
Domaine Louis Magnin, Grand Orgue	France	Savoie, Dauphiné et Bugey	Vin de Savoie Chignin-Bergeron	blanc	2005	75 cl	2009-05-17	15	15	0	2	1	15	0				Non défini
Domaine Louis Montemagni	France	Provence-Corse	Patrimonio	rouge	2005	75 cl	2007-09-13	5.95	5.95	0	2	2	5	0				Non défini
Domaine Luc Boilley	France	Jura	Côtes du Jura	vin jaune	1997	62 cl	2009-04-03	28	28	0	2	10	150	10	Attendre...	Cuvée Tradition, 120 mois en cuve, càd 10 ans sous voile au lieu des 6 ans et 3 mois demandés pour l'appellation vin jaune.		Non défini
Domaine Luc Boilley	France	Jura	Côtes du Jura	vin jaune	1990	75 cl	2009-04-03	35	35	0	1	10	150	0	Attendre...	Cuvée Tradition, 120 mois en cuve, càd 10 ans sous voile au lieu des 6 ans et 3 mois demandés pour l'appellation vin jaune.		Non défini
Domaine Luc Boilley	France	Jura	Côtes du Jura	vin jaune	1995	62,5 cl	2009-04-03	30	30	0	2	10	150	10	attendre...	Cuvée Tradition, 120 mois en cuve, càd 10 ans sous voile au lieu des 6 ans et 3 mois demandés pour l'appellation vin jaune.		Non défini
Domaine Luc Boilley	France	Jura	Côtes du Jura	vin jaune	2001	62,5 cl	2009-10-26	12	12	0	2	1	25	1		Via Franck		Non défini
Domaine Luc Boilley	France	Jura	Côtes du Jura	vin jaune	2002	75 cl	2010-09-27	13.9	13.9	0	3	8	20	8			Par Franck et Cécile	Grande surface
Domaine Luc Boilley - Poulsard	France	Jura	Côtes du Jura	rouge	2005	75 cl	2009-07-24	0	7	0	1	1	5	0		Vinifié en rouge. Offert par Boilley suite à nos achats du jour (ainsi qu'un Savagnin de gelée 1997)		Non défini
Domaine Luc Boilley - Savagnin	France	Jura	Côtes du Jura	blanc	2005	75 cl	2016-04-23	0	0	0	2	2	10	2			apparemment supprimés par erreur de la cave	En direct du producteur
Domaine Luc Boilley - Savagnin	France	Jura	Côtes du Jura	blanc	1995	75 cl	2016-04-23	0	0	0	1	2	5	2			sortie par erreur apparemment	Non défini
Domaine Luc Boilley - Savagnin de gelée	France	Jura	Côtes du Jura	blanc liquoreux	2002	75 cl	2009-04-03	13	13	0	1	3	20	0	Apparemment difficile à marier... En apéro à 2 ?	Savagnin en vendanges très tardives (avec les gelées). Sorte de liquoreux du Jura mais pas sous forme de vin de paille		Non défini
Domaine Luc Boilley - Savagnin de gelée	France	Jura	Côtes du Jura	blanc liquoreux	1997	37,5 cl	2009-07-24	15	15	0	3	1	25	0		oxydatif léger, craint assez peu les variations non brusques de température.		Non défini
Domaine Luc Boilley - Savagnin de gelée	France	Jura	Côtes du Jura	blanc liquoreux	2002	37,5 cl	2009-07-24	13	13	0	3	5	25	0		Oxydatif léger, ne craint que peu les variations progressives de température.		Non défini
Domaine Luc Boilley - Savagnin de gelée	France	Jura	Côtes du Jura	blanc liquoreux	2003	37,5 cl	2009-07-24	13	13	0	3	1	15	1		Oxydatif léger, ne craint que peu les variations progressives de température.. Légèrement plus doux que le 2002.		Non défini
Domaine Luc Boilley - Trousseau	France	Jura	Côtes du Jura	rouge	1996	75 cl	2009-07-24	13	13	0	3	2	20	0	Avec des poissons.	Savagnin pur, ouillé donc non oxydatif.		Non défini
Domaine Luc Boilley - Trousseau	France	Jura	Côtes du Jura	rouge	2005	75 cl	2009-07-24	13	13	0	3	2	20	0		Ouillé, non oxydatif. Attendre au moins 3 ou 4 ans avant de la boire, peut tenir 20 ans.		Non défini
Domaine Luc Boilley Poulsard	France	Jura	Côtes du Jura	rosé	2007	75 cl	2009-07-24	7	7	0	1	1	5	0		Vinifié en rosé		Non défini
Domaine Luc Boilley Poulsard	France	Jura	Côtes du Jura	rosé	2006	75 cl	2009-07-24	7	7	0	1	1	5	0		Vinifié en rosé		Non défini
Domaine Lupin	France	Savoie, Dauphiné et Bugey	Roussette de Savoie Frangy	blanc	2013	75 cl	2014-11-08	5	5	0	3	1	5	1			Par Franck	En direct du producteur
Domaine Lupin - Cuvée de l'Acacia	France	Savoie, Dauphiné et Bugey	Roussette de Savoie Frangy	blanc	2010	75 cl	2013-03-29	10	10	0	3	1	10	1		élevage dans des cuves en accacia	par Franck	En direct du producteur
Domaine Lupin Cuvée du Pépé	France	Savoie, Dauphiné et Bugey	Roussette de Savoie Frangy	blanc	2007	75 cl	2009-10-10	6.6	6.6	0	3	1	5	0		Nez de fruits blancs et de fleurs blanches. Le vin apparaît parfaitement équilibre en bouche, doté d'une matière exprimant ses arômes fruités et floraux avec pureté. Beau vin. 		Non défini
Domaine Lupin Cuvée du Pépé	France	Savoie, Dauphiné et Bugey	Roussette de Savoie Frangy	blanc	2008	75 cl	2010-01-15	7.5	7.5	0	3	1	5	1			sur place	En direct du producteur
Domaine Marc Colin - 1er Cru sous roche Dumay	France	Bourgogne	Saint Aubin	blanc	2012	75 cl	2017-02-25	27	27	0	6	3	15	3		déjà bon à boire.. A réserver pour les connaisseurs, ce vin est un grand vin. Présent notamment à l'Elysée et dans les grands étoilés.	Caveau de St Aubin	En direct du producteur
Domaine Marcel Deiss - Berckem	France	Alsace et Lorraine	Alsace	blanc	2011	75 cl	2014-05-07	20	20	0	3	1	8	1	plats épicés		Domaine Marcel Deiss	En direct du producteur
Domaine Marcel Deiss - Berckem	France	Alsace et Lorraine	Alsace	blanc	2017	75 cl	2021-11-05	21	21	0	3	1	5	1			acheté au moment de la livraison des primeurs 2018	En direct du producteur
Domaine Marcel Deiss - Berckem	France	Alsace et Lorraine	Alsace	blanc	2013	75 cl	2016-04-20	21	21	0	3	1	12	5	pâté croûte, quiches, plats en cocotte, viandes blanches, comté, morbier, appenzeller.	servir à 10°. Complantation de 15 cépages alsaciens.. demi-sec. expression aromatique calcaire intense.	chez Deiss, Bergheim	En direct du producteur
Domaine Marcel Deiss - Berckem	France	Alsace et Lorraine	Alsace	blanc	2014	75 cl	2016-04-20	0	21	0	1	1	12	5		millésime plus difficile, la mouche a supprimé les pinots et le gewurztraminer. Ce millésime est donc plus sec, mais aussi plus acide, du fait de la dominance de riesling.. Millésime &quot;hors norme&quot; pour le Berkem. 	chez Deiss, Bergheim	Non défini
Domaine Marcel Deiss - Berckem	France	Alsace et Lorraine	Alsace	blanc	2016	75 cl	2019-11-10	21	21	0	4	1	12	6	Idées d'accords : Pâté en croute, quiches, plats en cocottes, viandes blanches, fromages (comté, morbier, Appenzeller).	Type : Vin gras, expression aromatique calcaire intense et complexité rare : témoignage de l'esprit novateur et pluriel de l'Alsace.	Bergheim, au domaine	En direct du producteur
Domaine Marcel Deiss - Bergheim	France	Alsace et Lorraine	Alsace Pinot Gris	blanc	2005	75 cl	2011-05-07	20	20	0	3	1	15	7			Bergheim	En direct du producteur
Domaine Marcel Deiss - Burlenberg	France	Alsace et Lorraine	Alsace	rouge	2002	75 cl	2009-04-08	24	24	0	3	2	10	0	A carafer impérativement 2 à 3h. Sur toutes les viandes rouges.	Grand vin rouge à la robe rubis. Le nez d?une rare violence fruitée (framboise noire, cassis, mûre, noix de muscade et fumée) rebondit sur la bouche toute entière épicée par ses tanins brûlés si caractéristiques du Burlenberg. D?un tempérament volcanique,		Non défini
Domaine Marcel Deiss - Burlenberg	France	Alsace et Lorraine	Alsace	rouge	2004	75 cl	2014-05-07	32	32	0	3	1	20	1		Vinifié par Jean-Michel Deiss, tout en puissance et structure	Domaine Marcel Deiss	En direct du producteur
Domaine Marcel Deiss - Burlenberg	France	Alsace et Lorraine	Alsace	rouge	2008	75 cl	2014-05-07	32	32	0	3	1	20	8		le 1er vinifié par Mathieu	Domaine Marcel Deiss	En direct du producteur
Domaine Marcel Deiss - Burlenberg	France	Alsace et Lorraine	Alsace	rouge	2009	75 cl	2015-04-16	29	29	1	3	10	25	10		à attendre un peu	chez Deiss	En direct du producteur
Domaine Marcel Deiss - Burlenberg	France	Alsace et Lorraine	Alsace	rouge	2017	75 cl	2019-11-08	31	31	3	3	5	15	10		Achat primeurs Deiss avec Pierre Tatzber 	Primeurs Deiss 2017	En direct du producteur
Domaine Marcel Deiss - Gewurztraminer Vendanges Tardives	France	Alsace et Lorraine	Alsace Gewurztraminer	blanc liquoreux	2012	75 cl	2014-05-07	42	42	1	3	2	25	2			Domaine Marcel Deiss	En direct du producteur
Domaine Marcel Deiss - Grand Cru Altenberg de Bergheim	France	Alsace et Lorraine	Alsace	blanc	1997	75 cl	2011-05-27	65	65	0	2	1	15	1			Bergheim	En direct du producteur
Domaine Marcel Deiss - Grand Cru Altenberg de Bergheim	France	Alsace et Lorraine	Alsace	blanc	2004	75 cl	2014-05-08	0	50	0	1	1	20	1		offert en mai 2014	Domaine Marcel Deiss	Cadeau
Domaine Marcel Deiss - Grand Cru Altenberg de Bergheim	France	Alsace et Lorraine	Alsace	blanc	2007	75 cl	2015-04-15	58	58	0	3	7	15	8		déjà prêt, à boire jusqu'à 2022	chez Deiss	En direct du producteur
Domaine Marcel Deiss - Grand Cru Altenberg de Bergheim	France	Alsace et Lorraine	Alsace	blanc	2015	75 cl	2016-10-24	50	50	1	2	1	20	1		livraison probable début 2018 - déjà payé	Achats en primeur	En direct du producteur
Domaine Marcel Deiss - Grand Cru Altenberg de Bergheim	France	Alsace et Lorraine	Alsace	blanc	2019	75 cl	2020-07-25	49.5	49.5	3	6	1	15	1		Achat en prineurs au domaine avec 8% fidélité 	Primeurs Deiss	En direct du producteur
Domaine Marcel Deiss - Grand Cru Altenberg de Bergheim	France	Alsace et Lorraine	Alsace	blanc	2020	75 cl	2021-07-25	44.16	44.16	2	2	7	20	12		prix normal 63, en primeur 48, en primeur avec réduction 44.16	primeurs Deiss 2020	En direct du producteur
Domaine Marcel Deiss - Grand Cru Altenberg de Bergheim	France	Alsace et Lorraine	Alsace	blanc	2022	75 cl	2023-07-29	55.2	55.2	3	3	5	25	15			Primeurs Deiss 2022 - pack 12 GC	Non défini
Domaine Marcel Deiss - La limite du royaume grand cru Marckrain	France	Alsace et Lorraine	Alsace	rouge	2022	75 cl	2023-07-29	50	50	2	2	5	20	12		Nouvelle cuvée 2022 du domaine	Primeurs Deiss 2022	Non défini
Domaine Marcel Deiss - Muscat de Bergheim	France	Alsace et Lorraine	Alsace Muscat	blanc	2008	75 cl	2011-05-07	16	16	0	3	1	10	1			Bergheim	En direct du producteur
Domaine Marcel Deiss - Zellenberg	France	Alsace et Lorraine	Alsace	blanc	2018	75 cl	2021-11-05	19	19	0	3	1	5	1		Vin très aromatique, des couleurs fraiches et printanières, un touché de bouche vertical, fin, et très élégant, une texture serrée et beaucoup d?éclat.	acheté lors de la livraison des primeurs 2018	En direct du producteur
Domaine Martin-Madalle - Le Sang du Schiste	France	Languedoc-Roussillon	Saint Chinian	rouge	2011	75 cl	2014-03-28	0	15	0	1	3	8	3		à boire avec Laure et Hervé ?	offert par Laure Gressani	Cadeau
Domaine Mas Pignou - Les Hauts de Laborie	France	Sud-Ouest	Gaillac	rouge	2011	75 cl	2014-12-29	5.2	5.2	-1	6	2	5	2			au boulot par Séb	En direct du producteur
Domaine Matignon	France	Vallée de la Loire	Côteaux du Layon	blanc moëlleux	2010	75 cl	2011-03-27	6.9	6.9	0	6	2	20	2	servir frais (8 à 10 degrés)		foire de Cruseilles	Salon de vignerons
Domaine Matignon - Prestige	France	Vallée de la Loire	Côteaux du Layon	blanc moëlleux	2009	75 cl	2011-03-27	10.4	10.4	0	3	5	25	5			foire de Cruseilles	Salon de vignerons
Domaine Michel Bailly et Fils - Les Vallons	France	Vallée de la Loire	Pouilly Fumé	blanc	2006	75 cl	2008-08-01	13.8	13.8	0	1	3	10	0		Saveurs d'ici et là, Annecy		Non défini
Domaine Michel Lafarge	France	Bourgogne	Meursault	blanc	2004	75 cl	2007-04-06	15	15	0	3	3	10	0		Accord mets et vins : viandes blanches au jus, risotto aux bolets, ris de veau, foie de veau poêlé.. . vin issu de viticulture en biodynamie. cf http://www.biodynamy.com/viticulture-en-biodynamie-fr.php		Non défini
Domaine Michel Lafarge Raisins Dorés	France	Bourgogne	Bourgogne Aligoté	blanc	2004	75 cl	2007-04-06	6	6	0	8	1	5	0				Non défini
Domaine Michel Voarick	France	Bourgogne	Aloxe-Corton	rouge	2001	75 cl	2012-03-16	25	25	0	3	4	13	11			Aloxe Corton	En direct du producteur
Domaine Michel Voarick	France	Bourgogne	Corton-Charlemagne	blanc	2010	75 cl	2012-03-18	50	50	0	2	4	20	10			Aloxe Corton	En direct du producteur
Domaine Michel Voarick	France	Bourgogne	Aloxe-Corton	rouge	2009	75 cl	2012-03-16	20	20	0	6	4	10	4			Aloxe Corton	En direct du producteur
Domaine Michel Voarick	France	Bourgogne	Pernand-Vergelesses	blanc	2009	75 cl	2012-03-18	15	15	0	3	3	10	7			Aloxe Corton	En direct du producteur
Domaine Michel Voarick, Grand Cru Renardes	France	Bourgogne	Corton	rouge	2010	75 cl	2012-03-17	42	42	0	2	4	15	8			Aloxe Corton	En direct du producteur
Domaine Odoul Coquard	France	Bourgogne	Chambolle-Musigny	rouge	2010	75 cl	2012-11-10	22	22	0	3	6	15	6			Foire aux vins sevrier	En direct du producteur
Domaine Odoul Coquard - Les Crais Grillons	France	Bourgogne	Morey-Saint-Denis	rouge	2009	75 cl	2012-11-10	20	20	0	3	6	15	12			Foire aux vins sevrier	En direct du producteur
Domaine Olivier - 1er Cru Beaurepaire	France	Bourgogne	Santenay	blanc	2017	75 cl	2020-09-13	31	31	0	3	5	10	5			a la propriété, à Santenay	En direct du producteur
Domaine Olivier - 1er Cru Beaurepaire	France	Bourgogne	Santenay	rouge	2017	1,5 l	2020-09-13	65	65	1	2	6	20	6			au domaine à Santenay	En direct du producteur
Domaine Olivier - 1er Cru Beaurepaire	France	Bourgogne	Santenay	rouge	2018	75 cl	2020-09-13	31	31	1	3	4	10	4		2018 est un millésime prêt rapidement et qui ne se gardera pas tant que le 17	au domaine à Santenay	En direct du producteur
Domaine Olivier - Clos des Champs Carafe	France	Bourgogne	Santenay	blanc	2017	75 cl	2020-09-13	18.5	18.5	0	3	3	10	6			au domaine à Santenay	En direct du producteur
Domaine osamu uchida	France	Bordeaux	Haut-Médoc	rouge	2021	75 cl	2023-04-29	65	65	2	2	5	20	5			Diot Vino	Caviste
Domaine osamu uchida	France	Bordeaux	Haut-Médoc	rouge	2018	75 cl	2020-12-13	45	45	0	3	5	20	5			par Franck (Diot-vino)	Caviste
Domaine osamu uchida	France	Bordeaux	Haut-Médoc	rouge	2020	75 cl	2022-05-04	45	45	2	2	5	20	5			Par Franck	Caviste
Domaine osamu uchida - Pheromone	France	Bordeaux	Vin de Pays d'Aquitaine	rouge	2020	75 cl	2022-05-04	35	35	0	2	1	5	1			par Franck	Caviste
Domaine Paillère et Pied Gu	France	Vallée du Rhône	Gigondas	rouge	2010	75 cl	2014-10-23	12.5	12.5	1	3	4	10	7			Caveau de gigondas	En direct du producteur
Domaine Parent - 1er Cru La Corvée	France	Bourgogne	Ladoix	rouge	1999	75 cl	2007-04-05	12	12	0	2	3	15	0		Ce n'est pas un 1er cru ! mais ce Ladoix là n'est référencé nulle part, pas même sur le site du producteur !!!		Non défini
Domaine Pavelot	France	Bourgogne	Corton-Charlemagne	blanc	2021	75 cl	2024-11-24	126.9	126.9	3	3	4	20	4			Ardoneo	Achat sur Internet
Domaine Philippe Alliet	France	Vallée de la Loire	Chinon	rouge	2008	75 cl	2009-12-28	10	10	0	6	1	7	3	Une noisette d'agneau, un magret de canard	robe grenat foncée aux reflets violets - arômes de cassis très mûrs - ronde, tendre, avec des tanins souples et une belle fraîcheur - ouvrir 1 heure avant - servir en carafe à 16°C	1jour1vin	Achat sur Internet
Domaine Philippe Alliet - Vieilles Vignes	France	Vallée de la Loire	Chinon	rouge	2019	75 cl	2021-06-01	16	16	2	6	3	10	5			1jour1vin	Achat sur Internet
Domaine Pierre Boniface - Caprice des Rocailles	France	Autre région	Vin mousseux de qualité	rosé effervescent	-0	75 cl	2014-06-24	0	0	0	1	1	4	1			offert par Pierre Tatzber	Cadeau
Domaine Prieuré Saint Christophe - Mondeuse tradition	France	Savoie, Dauphiné et Bugey	Vin de Savoie	rouge	2004	75 cl	2009-05-17	15	15	0	1	2	20	0				Non défini
Domaine Prieuré St Christophe - Son Altesse Le Refus	France	Savoie, Dauphiné et Bugey	Vin de Savoie	blanc	2006	75 cl	2009-05-17	18	18	0	2	1	10	0				Non défini
Domaine Puffeney - Savagnin	France	Jura	Arbois	blanc	2004	75 cl	2008-12-26	12.5	12.5	0	4	4	20	0	carafage long et laisser vieillir !!!	sur caveprivee.com		Non défini
Domaine Puffeney - Savagnin	France	Jura	Arbois	blanc	2007	75 cl	2011-11-13	13	13	0	3	1	15	8		par Franck et Cécile	Montigny les Arsures	En direct du producteur
Domaine Rapet Père et Fils - 1er Cru Aux Fournaux	France	Bourgogne	Savigny-Lès-Beaune	rouge	2008	75 cl	2012-03-17	17	17	0	2	3	7	3		sur recommandation du restaurant &quot;Le Charlemagne&quot;	Pernand Vergelesses	En direct du producteur
Domaine Renoud Grappin	France	Bourgogne	Mâcon Villages	blanc	2017	75 cl	2019-03-02	7.1	7.1	0	6	2	5	2		vin facile et très agréable, excellent rapport plaisir prix.	Foire aux vins Cruseilles 2019	Salon de vignerons
Domaine Richaud	France	Vallée du Rhône	Cairanne	blanc	2013	75 cl	2014-10-23	15.5	15.5	0	3	2	5	2			Cairanne	En direct du producteur
Domaine Richaud	France	Vallée du Rhône	Cairanne	rouge	2013	75 cl	2014-10-23	14	14	0	6	2	5	2			Cairanne	En direct du producteur
Domaine Richaud -Terre de Galets	France	Vallée du Rhône	Côtes du Rhône (Méridionales)	rouge	2012	75 cl	2014-10-23	9.5	9.5	0	6	2	5	2			Cairanne	En direct du producteur
Domaine Rieflé - Bonheur Exceptionnel	France	Alsace et Lorraine	Alsace	blanc	2008	75 cl	2013-12-23	0	0	0	1	1	5	1			offert par Lionel	Cadeau
Domaine Roblot-Marchand	France	Bourgogne	Chambolle-Musigny	rouge	2010	75 cl	2013-12-25	0	40	0	1	3	15	3		Cadeau noël 2013 Maryse	noël 2013	Caviste
Domaine Rolet	France	Jura	L'Etoile	blanc	2002	75 cl	2007-11-10	8	8	0	2	2	5	0				Non défini
Domaine Rolet - Rouge Tradition	France	Jura	Arbois	rouge	1997	1,5 l	2007-11-10	27	27	0	1	7	15	0				Non défini
Domaine Rolet - Rouge Tradition	France	Jura	Arbois	rouge	2005	75 cl	2009-10-03	5.6	5.6	0	2	2	7	0		FAV Carrefour Market 10-2009		Non défini
Domaine Rolet - Tradition Chardonnay Savagnin	France	Jura	Arbois	blanc	2002	75 cl	2007-11-10	11.5	11.5	0	2	2	5	0				Non défini
Domaine Romain Fritsch - Grand Cru - Steinklotz	France	Alsace et Lorraine	Alsace Riesling	blanc	2017	75 cl	2019-11-10	12	12	0	3	2	10	2		petit GC provenant de Riquewihr, sympa	Riquewihr, magasin du producteur	En direct du producteur
Domaine Saint Germain -  Le pied de la Barme - Mondeuse	France	Savoie, Dauphiné et Bugey	Vin de Savoie	rouge	2005	75 cl	2007-07-20	7	7	0	3	2	8	0				Non défini
Domaine Saint Germain - Altesse	France	Savoie, Dauphiné et Bugey	Roussette de Savoie	blanc	2006	75 cl	2007-07-20	7	7	0	3	2	8	0				Non défini
Domaine Saint Nicolas - Cuvée Le Haut des Clous	France	Vallée de la Loire	Fiefs Vendéens - Brem	blanc	2019	75 cl	2021-09-17	26	26	0	3	1	7	1		goûté chez Yoan Conte, un vin qui m'a complètement trompé j'aurais juré un Alsace.	Commandé directement au domaine	En direct du producteur
Domaine Saint Saturnin de Vergy	France	Bourgogne	Bourgogne Hautes Côtes de Nuits	blanc	2005	75 cl	2008-09-21	5.95	5.95	0	5	2	8	0		FAV Auchan		Non défini
Domaine Saint-Vincent	France	Vallée de la Loire	Saumur-Champigny	rouge	2016	75 cl	2017-10-08	7	7	1	1	3	10	3		à goûter et redire à Eric	offert par Eric	Cadeau
Domaine Sainte Barbe - Vieilles Vignes	France	Bourgogne	Viré-Clessé	blanc	2012	75 cl	2014-09-20	9.95	9.95	0	3	2	7	3		FAV Carrefour Market 2014	Carrefour Market	Grande surface
Domaine San Micheli - Alfieri Polidori	France	Provence-Corse	Vin de Corse-Sartène	rouge	2009	75 cl	2012-06-10	0	0	0	1	2	5	2		ne pas garder trop longtemps	offert par guibbs	Cadeau
Domaine Sébastien Magnien - Les Échards	France	Bourgogne	Volnay	rouge	2006	75 cl	2008-11-21	16	16	0	2	3	10	0		Foire gastronomique Saint Jean de Maurienne		Non défini
Domaine Sébastien Magnien - Les Grands Charrons	France	Bourgogne	Meursault	blanc	2008	75 cl	2010-11-26	18	18	0	3	3	15	3			chez le producteur	En direct du producteur
Domaine Sébastien Magnien - Les Perrières	France	Bourgogne	Pommard	rouge	2008	75 cl	2011-11-20	20	20	0	3	5	25	5			salon des vins de Saint Jean de Maurienne	Salon de vignerons
Domaine Sébastien Magnien Clos de la Perrière	France	Bourgogne	Bourgogne Hautes Côtes de Beaune	rouge	2008	75 cl	2010-11-26	8.5	8.5	0	4	1	5	1			chez le producteur	En direct du producteur
Domaine Sébastien Magnien Premier Cru Les Aigrots	France	Bourgogne	Beaune	rouge	2006	75 cl	2008-11-21	15	15	0	3	4	12	0		Foire gastronomique Saint Jean de Maurienne		Non défini
Domaine Sébastien Magnien Premier Cru Les Aigrots	France	Bourgogne	Beaune	rouge	2008	75 cl	2010-11-26	15	15	0	2	4	12	4			chez le producteur	En direct du producteur
Domaine Sébastien Magnien Sous Le Château	France	Bourgogne	Saint Romain	blanc	2008	75 cl	2010-11-26	14	14	0	1	1	5	1			chez le producteur	En direct du producteur
Domaine Sébastien Magnien Sous Le Château	France	Bourgogne	Saint Romain	blanc	2009	75 cl	2011-11-20	15	15	0	3	3	10	3			salon des vins de Saint Jean de Maurienne	Salon de vignerons
Domaine Seilly - Schenkenberg - Vieilles Vignes	France	Alsace et Lorraine	Alsace Riesling	blanc	2005	75 cl	2008-10-30	13.5	13.5	0	3	5	15	0	Attendre !	Vignerons indépendants Lyon		Non défini
Domaine St Nicolas Les Clous	France	Vallée de la Loire	Fiefs Vendéens - Brem	blanc	2020	75 cl	2021-09-17	14	14	1	6	1	7	1		la petite civée recommandée par Bastien Debono car très bien	commandé directement au producteur	En direct du producteur
Domaine Stéphane Tissot - Savagnin	France	Jura	Arbois	blanc	2005	75 cl	2009-07-24	16	16	0	3	7	30	0		vieilli sous voile et sur lies pendant 3 ans en fût. Puissance, typicité, complexité		Non défini
Domaine Sylvain Mosnier	France	Bourgogne	Petit Chablis	blanc	2016	75 cl	2018-02-24	8.5	8.5	0	4	1	5	1			salon des vins Annemasse	En direct du producteur
Domaine Sylvain Mosnier - Vieilles Vignes	France	Bourgogne	Chablis	blanc	2006	75 cl	2008-10-30	9.5	9.5	0	2	3	12	0		Vignerons indépendants Lyon		Non défini
Domaine Sylvain Mosnier - Vieilles Vignes fûts de chêne	France	Bourgogne	Chablis	blanc	2000	75 cl	2008-10-30	12	12	0	3	4	12	0	buvable dès maintenant	Vignerons indépendants Lyon		Non défini
Domaine terres en couleurs - Douceur d'Anaïs	France	Languedoc-Roussillon	Vin de Pays d'Oc	rosé	-0	75 cl	2017-06-18	0	0	1	1	1	3	1			offert par Laurent et Dominique	Cadeau
Domaine Thierry Mortet	France	Bourgogne	Gevrey-Chambertin	rouge	2009	75 cl	2013-11-09	0	0	0	1	4	15	4			offert par Gaelle et Sébastien	Cadeau
Domaine Vaupré  Solutré Pouilly 'Agrumes'	France	Bourgogne	Mâcon Villages	blanc	2023	75 cl	2024-09-29	16	16	0	1	2	5	2			caviste Cluny	Caviste
Domaine Vayssette - cuvée Thibault	France	Sud-Ouest	Gaillac	rouge	2010	75 cl	2012-11-10	7.8	7.8	1	6	2	10	5			Foire aux vins Sevrier	Non défini
Domaine Vayssette - Doux Tradition	France	Sud-Ouest	Gaillac	blanc moëlleux	2010	75 cl	2012-11-10	7.65	7.65	1	3	3	20	12			Foire aux vins Sevrier	En direct du producteur
Domaine Vayssette - Tradition	France	Sud-Ouest	Gaillac	rouge	2009	75 cl	2012-11-10	5.65	5.65	0	3	2	5	2			Foire aux vins Sevrier	En direct du producteur
Domaine Vigneau-Chevreau - Clos de Rougemont	France	Vallée de la Loire	Vouvray	blanc	2014	75 cl	2016-07-23	9.4	9.4	0	5	4	10	4		le clos Rougemont est plus susceptible de se garder entre 8 et 10 ans	chez le vigneron	En direct du producteur
Domaine Vigneau-Chevreau - Cuvée Domaine Demi-Sec	France	Vallée de la Loire	Vouvray	blanc	2004	75 cl	2009-03-15	0	20	0	1	4	20	0	juste ce qu'il faut d'acidité et de sucré, à l'apéritif ou ou sur un foie gras, un fromage bleu ou sur cuisine asiatique sucré-salée.	provenance La Java des Flacons - offert par Maryse pour mes 40 ans		Non défini
Domaine Vigneau-Chevreau - Cuvée Silex	France	Vallée de la Loire	Vouvray	blanc	2014	75 cl	2016-07-23	7.4	7.4	0	2	4	20	4			directement chez le producteur dans la loire	En direct du producteur
Domaine Vigneau-Chevreau - Cuvée Silex	France	Vallée de la Loire	Vouvray	blanc	2015	75 cl	2017-08-06	8.4	8.4	0	3	4	20	4			Chançay	En direct du producteur
Domaine Vigneau-Chevreau - Cuvée Silex	France	Vallée de la Loire	Vouvray	blanc	2015	37,5 cl	2017-08-06	4.5	4.5	0	2	2	5	2			Chançay	En direct du producteur
Domaine Vigneau-Chevreau - Extra-Brut	France	Vallée de la Loire	Vouvray	blanc effervescent	2014	75 cl	2016-07-23	9	9	0	2	1	4	1		Les vins de Vouvray révèlent une prédisposition à l?effervescence avec cette fameuse seconde fermentation en bouteille.. . Récoltés principalement dans les jeunes vignes, sur les terroirs des plateaux limoneux (bournais), les vins y puisent des caractères léger, printanier et gourmand.. . La pression obtenue pour le « méthode traditionnelle » est de 5 bars. Le vin vieillit pendant environ 2 ans, couché sur lattes dans nos caves, où la température fraiche (13°c) assure une fermentation lente et favorise la finesse de bulle.. . Le caractère « brioché » dû à la levure, domine la gamme aromatique ; mais les nuances vineuses de pomme verte, de pêche blanche et d?agrumes viennent l?équilibrer.. Apéritif et fin de repas seront sans hésitation les meilleurs accords !. Si les coteaux de Vouvray n?acceptent que le cépage chenin, l?appellation Touraine laisse la possibilité d?assembler plusieurs cépages.. . Planté sur les coteaux de Nazelles en face d?Amboise, ce vignoble composé de quatre cépages (côt (malbec), gamay, grolleau et pinot noir) repose sur un sol argilo-sil	directement chez le producteur dans la loire	Non défini
Domaine Vigneau-Chevreau - Petillant Brut	France	Vallée de la Loire	Vouvray	blanc effervescent	2014	75 cl	2016-07-23	7	7	0	3	1	4	1		moins de bulles d'un brut méthode traditionnelle, moins de pression. Spécialité du coin.	directement chez le producteur dans la loire	En direct du producteur
Domaine Vigneau-Chevreau - Petillant Brut	France	Vallée de la Loire	Vouvray	blanc effervescent	-0	75 cl	2017-08-06	8.4	8.4	0	6	1	4	1			Chançay	En direct du producteur
Domaine Vigneau-Chevreau - Petillant Brut	France	Vallée de la Loire	Vouvray	blanc effervescent	-0	37,5 cl	2017-08-06	4.5	4.5	0	1	1	4	1			Chançay	En direct du producteur
Domaine Vincent Carême	France	Vallée de la Loire	Vouvray	blanc moëlleux	2008	75 cl	2010-03-13	0	0	0	1	1	5	1		&quot;saveurs d'ici et d'ailleurs&quot; Annecy	offert par Franck et Cécile	Caviste
Domaine Vincent Carême - Le Clos	France	Vallée de la Loire	Vouvray	blanc	2008	75 cl	2010-03-16	0	0	0	1	1	5	1		offert par Nath pour mon anniversaire	Saveurs et découvertes	Cadeau
Domaine Vincent Sauvestre	France	Bourgogne	Chablis	blanc	2005	75 cl	2008-03-29	7.9	7.9	0	2	3	10	0		Foire aux vins de printemps - Auchan		Non défini
Domaine Vincent Sauvestre - 1er Cru Beauroy	France	Bourgogne	Chablis	blanc	2005	75 cl	2008-03-21	7.9	7.9	0	2	2	5	0		Foire aux vins de printemps Carrefour		Non défini
Domaine Weinbach - Altenbourg	France	Alsace et Lorraine	Alsace Gewurztraminer	blanc	2008	75 cl	2011-05-07	32	32	0	3	1	15	10			Kaysersberg	En direct du producteur
Domaine Weinbach - Altenbourg	France	Alsace et Lorraine	Alsace Gewurztraminer	blanc	2006	37,5 cl	2011-05-07	0	16.8	0	1	1	5	1		offert	Kaysersberg	En direct du producteur
Domaine Weinbach - Altenbourg - Vendanges Tardives	France	Alsace et Lorraine	Alsace Pinot Gris	blanc moëlleux	2008	37,5 cl	2011-05-07	25.3	25.3	0	2	1	25	1			Kaysersberg	En direct du producteur
Domaine Weinbach - Clos des Capucins - Réserve Particulière	France	Alsace et Lorraine	Alsace Pinot Gris	blanc	2009	75 cl	2011-05-07	13.5	13.5	0	3	4	5	4			Kaysersberg	En direct du producteur
Domaine Weinbach - Cuvée Sainte Catherine	France	Alsace et Lorraine	Alsace Pinot Gris	blanc	2008	75 cl	2011-05-07	29	29	0	3	4	10	4			Kaysersberg	En direct du producteur
Domaine Weinbach - Grand Cru Schlossberg - Cuvée Sainte Catherine	France	Alsace et Lorraine	Alsace Riesling	blanc	2008	75 cl	2011-05-07	39.4	39.4	0	1	2	12	2			Kaysersberg	En direct du producteur
Domaine Weinbach L'Inédit - Grand Cru Schlossberg Cuvée Ste Catherine	France	Alsace et Lorraine	Alsace Riesling	blanc	2009	75 cl	2011-05-07	52	52	0	3	3	15	3		moelleux puis sec	Kaysersberg	En direct du producteur
Domaine Yves Cuilleron - Bassenon	France	Vallée du Rhône	Côte Rotie	rouge	2022	75 cl	2025-04-13	59	59	3	3	4	15	4		bue au restaurant La coulemelle, aimée et achetée le lendemain !	Cave Marcon, Saint Bonnet le Froid	Caviste
Domaine Zind-Humbrecht - Brand - Vendange Tardive	France	Alsace et Lorraine	Alsace Riesling	blanc moëlleux	2004	75 cl	2023-08-06	0	55	0	1	2	25	20			Offert par Michel et Céline	Cadeau
Domaine Zind-Humbrecht - Clos Häuserer	France	Alsace et Lorraine	Alsace Riesling	blanc	2022	75 cl	2024-07-07	62.5	62.5	3	3	2	20	2			Au domaine depuis le site zind-humbrecht	En direct du producteur
Domaine Zind-Humbrecht - Clos Windsbuhl	France	Alsace et Lorraine	Alsace Riesling	blanc	2003	75 cl	2009-05-23	25.5	25.5	0	1	2	10	0		Mise en bouteille: sept 2004 ; Alcool acquis : 13 ° ; Sucre résiduel: 12 g/l ; Rendement : 47hl/ha ; Optimum de dégustation: 2005-2013+ ; Age moyen des vignes : 29 ans ; Surface : 0.9 ha ; Terroir : Calcaire Muschelkalk exposé sud, sud-est ; Indice 2. Le 		Non défini
Domaine Zind-Humbrecht - Clos Windsbuhl	France	Alsace et Lorraine	Alsace Gewurztraminer	blanc	2011	75 cl	2019-11-08	69	69	1	3	5	25	15				En direct du producteur
Domaine Zind-Humbrecht - Clos Windsbuhl	France	Alsace et Lorraine	Alsace Riesling	blanc	2023	75 cl	2025-10-09	88	88	3	3	2	10	2			Vignerons d'exception 	Achat sur Internet
Domaine Zind-Humbrecht - Grand Cru Brand	France	Alsace et Lorraine	Alsace Riesling	blanc	2009	75 cl	2022-12-01	73	80	0	4	2	15	2			Decantalo	Achat sur Internet
Domaine Zind-Humbrecht - Grand Cru Brand	France	Alsace et Lorraine	Alsace Riesling	blanc	2023	75 cl	2025-10-09	95	95	3	3	2	10	2				Achat sur Internet
Domaine Zind-Humbrecht - Grand Cru Brand Vieilles Vignes	France	Alsace et Lorraine	Alsace Riesling	blanc	2010	75 cl	2019-11-08	85	85	0	4	10	25	15				En direct du producteur
Domaine Zind-Humbrecht - Grand Cru Rangen de Thann - Clos Saint Urbain	France	Alsace et Lorraine	Alsace Pinot Gris	blanc	2018	75 cl	2020-12-17	89	89	2	3	10	15	12			1jour1vin	Achat sur Internet
Domaine Zind-Humbrecht - Grand Cru Rangen de Thann - Clos Saint Urbain	France	Alsace et Lorraine	Alsace Riesling	blanc	2018	75 cl	2020-12-17	89	89	2	3	2	15	2			1jour1vin	Non défini
Domaine Zind-Humbrecht - Heimbourg	France	Alsace et Lorraine	Alsace Riesling	blanc	2022	75 cl	2024-07-07	56	56	2	3	2	20	2			Au domaine depuis le site zind-humbrecht	En direct du producteur
Domaine Zind-Humbrecht - Roche roulée	France	Alsace et Lorraine	Alsace Pinot Gris	blanc	2017	75 cl	2019-11-10	24	24	0	2	2	8	4	3/2019 : couleur jaune or brillant. Le nez est déjà très expressif et dévoile des arômes sur le fruit, miel de sapin, caractéristique d?une faible récolte et belle maturité. C?est une belle invitation à la dégustation et une introduction à ce cépage souvent mal compris. Le palais est en velours, enveloppant. La trame tannique et de beaux amers structurent ce vin et en font un vrai vin de plaisir qui possède un charme immédiat. La chaleur du galet transparaît dans le vin sous la forme d?une générosité et ampleur en finale, mais sans lourdeur ni douceur.	Ce vin est issu du terroir sablo-graveleux de l?ancien cône de déjection de la rivière Fecht, en aval du village de Turckheim. Normalement présenté sous l?indication de cru communal, ce vin provient de parcelles ayant subi des pertes importantes suite au gel d?avril 2017 (50%). Il en résulte une densité et une maturité inhabituelles pour ce terroir et bien sûr un vin qui n?aura pas su finir complètement sec, même s?il présente une bouche très équilibrée et harmonieuse, nous nous imposons un style de vin sec pour la mention communale Turckheim. Ce vin, inclus dans la gamme ?roche? permet aussi de réaliser des comparaisons très intéressantes avec la série calcaire ou volcanique sur ce même cépage.	Turckheim, au domaine	En direct du producteur
Domaine Zind-Humbrecht - Roche roulée	France	Alsace et Lorraine	Alsace Riesling	blanc	2019	75 cl	2022-11-12	23	23	0	1	2	10	2			1jour1vin ? pas sûr	Achat sur Internet
Domaine Zind-Humbrecht - Roche roulée	France	Alsace et Lorraine	Alsace Riesling	blanc	2020	75 cl	2023-05-25	24.9	24.9	0	3	2	10	5			1j1v	Achat sur Internet
Domaine Zind-Humbrecht - Zind	France	Alsace et Lorraine	Alsace	blanc	2007	75 cl	2011-01-22	16.5	16.5	0	1	1	5	1			Monoprix	Caviste
Dominio de Pingus - Psi	Espagne	Castille-Leon	Ribera del Duero	rouge	2012	75 cl	2016-06-17	27	27	0	1	1	5	1		3ème vin de Pingus	Globus Balexert, Genève 	Caviste
Dominio de Pingus - Psi	Espagne	Castille-Leon	Ribera del Duero	rouge	2011	75 cl	2016-06-22	0	27	0	1	1	5	1		en remplacement de la même, bouchonée	Globus Balexert, Genève	Non défini
Dominique Lucas - Petits grains	France	Bourgogne	Bourgogne Hautes Côtes de Beaune	rouge	2010	75 cl	2014-04-12	20	25	0	3	3	10	3		réduc de 20%	Dominique Lucas(commande)	Salon de vignerons
Dominique Lucas - Un matin face au lac	France	Savoie, Dauphiné et Bugey	Vin de Pays d'Allobrogie	blanc	2012	75 cl	2013-07-15	11.5	11.5	0	6	2	5	2		Attendre 2014	sur place	En direct du producteur
Dominique Lucas - Un matin face au lac	France	Savoie, Dauphiné et Bugey	Vin de Pays d'Allobrogie	blanc	2014	75 cl	2016-09-21	14.5	14.5	0	6	1	2	1			par Yann Cena chez ses copains	Caviste
Dominique Massin - Brut Prestige Solera 1990	France	Champagne	Champagne	blanc effervescent	1990	75 cl	2025-02-20	31.9	31.9	1	3	2	10	2		 «Ce brut suscite cet éloge d'un dégustateur : « Une belle complexité et des vins de réserve bien intégrés..  » Issu de chardonnay majoritaire (75 %, complétés par du pinot noir pour l'essentiel), il inclut des vins.  issus d'une solera débutée en 1990, réserve perpétuelle renouvelée en partie chaque année par un apport.  de vins jeunes qui rafraîchissent les vins les plus anciens, les caractères de maturité étant préservés. Il en.  résulte un nez intense, frais et complexe, mêlant les fleurs blanches et le citron aux fruits jaunes et à la.  brioche grillée, bien prolongé par une bouche vive en attaque, charnue et persistante, où l'on retrouve la.  complexité du nez : une rare harmonie.» (Le Guide Hachette 2025).	1j1v	Achat sur Internet
Dönnhoff - Niederhaüser Klamm Kabinett	Allemagne	Nahe	Nahe	blanc	2019	75 cl	2020-11-25	19.9	19.9	0	6	1	5	1			Le carré des vins	Achat sur Internet
Duc de Sauternes	France	Bordeaux	Sauternes	blanc liquoreux	2003	75 cl	2007-07-15	12	12	0	6	5	30	0		1% de la récolte de chacun des producteurs associés au sein de la maison du Sauternes		Non défini
Dupraz et Fils - L'essentiel	Suisse	Genève	Coteau de Lully	vin rouge muté	2007	75 cl	2009-07-08	17	17	0	1	1	10	0	Boire frais (10° ? 12°) avec un fondant, c'est top !!!	Lavinia Genève - goûté avec un fondant au chocolat, assez frais		Non défini
E. Guigal	France	Vallée du Rhône	Côtes du Rhône (Septentrionales)	rouge	2004	75 cl	2008-02-29	7	7	0	2	2	5	0		COOP à -20 %		Non défini
E. Guigal	France	Vallée du Rhône	Crozes-Hermitage	rouge	2002	75 cl	2010-03-16	0	0	0	1	4	10	4		offert par Broadridge pour mon anniversaire	Boulot...	Cadeau
E. Guigal	France	Vallée du Rhône	Crozes-Hermitage	rouge	2007	75 cl	2012-03-20	0	12	0	1	4	10	4			cadeau anniversaire Broadridge 2012	Cadeau
E. Guigal	France	Vallée du Rhône	Hermitage	rouge	2010	75 cl	2019-09-14	0	38	0	1	4	20	4			offert par Séb et Gaëlle	Cadeau
E. Guigal Château d'Ampuis 	France	Vallée du Rhône	Côte Rotie	rouge	2016	75 cl	2020-09-26	79.9	79.9	1	3	4	15	4			FAV Carrefour market Cruseilles 2020	Grande surface
E. Guigal Saint-Joseph	France	Vallée du Rhône	Saint Joseph	rouge	2002	75 cl	2010-01-06	0	0	0	1	3	10	8	Viandes rouges et fromages	* Aspect Visuel : Robe rouge sombre à reflets violacés.. * Aspect Olfactif : Nez puissants à dominantes de fruits rouges et d?arômes délicats du bois.. * Aspect Gustatif : L?attaque en bouche est puissante. Les tanins plutôt ronds et souples.. * Qualité d'ensemble : Aspect Visuel : Robe rouge sombre à reflets violacés.. Aspect Olfactif : Nez puissants à dominantes de fruits rouges et d?arômes délicats du bois.. Aspect Gustatif :	Broadridge	Cadeau
El Emperador - Cabernet Sauvignon	Chili	Central Valley	Valle Central	rouge	2006	75 cl	2007-09-13	3.1	3.1	0	2	1	5	0				Non défini
Emile Chandesais - Pinot Noir	France	Bourgogne	Bourgogne	rouge	2004	75 cl	2007-04-03	3.5	3.5	0	6	3	5	0		Acheté à Carrefour (foire aux vins)		Non défini
Emrich Schönleber Mineral Riesling QbA Trocken	Allemagne	Nahe	Nahe	blanc	2008	75 cl	2009-10-29	16	16	0	3	1	5	0		caveprivée		Non défini
Eric Nicolas - Pollux	France	Autre région	Vin de Table - Vin de France	rouge	-0	75 cl	2013-07-27	8	8	0	3	1	5	1		Vin simple, pour bbq etc.	Domaine de Bellivière, Lhomme	En direct du producteur
Ermitage - 100ème anniversaire	Suisse	Valais	Varen/Varone	vin jaune	2002	75 cl	2008-12-09	16	16	0	2	6	25	0	c'est un vin jaune. Se référer aux plats associés aux vins jaunes.	Cuvée exceptionnelle et rare élaborée à l'occasion du 100ème anniversaire de la maison Varone		Non défini
Errazuriz - Max Reserva Cabernet Sauvignon	Chili	Aconcagua	Aconcagua Valley	rouge	2006	75 cl	2008-07-19	0	0	0	1	2	10	0		Offert par Gilles et Sofia		Non défini
Esprit de Clocher	France	Bordeaux	Pomerol	rouge	2002	75 cl	2009-05-10	0	0	0	1	5	30	0		Offert par Flo et Mab pour mon aide sur leur PC		Non défini
Eugène Klipfel Gewurztraminer	France	Alsace et Lorraine	Alsace Gewurztraminer	blanc	2009	37,5 cl	2012-04-21	0	5	0	1	1	5	1		Offert par gite &quot;Chez Dany&quot; pour notre fidélité à la chambre d'hôtes	Gerstheim	Cadeau
Evinor Hárslevel? Félédes	Hongrie	Nord Est	Tokaj-Hegyalja ou Tokaji	blanc liquoreux	2005	75 cl	2011-01-21	7	7	0	1	1	5	1		Tokaji - servi chaud à Prague (ou pas), vraiment bien surtout vu le prix.	Prague	Caviste
Fattoria Le Pupille	Italie	Toscane	Morellino di Scansano	rouge	2021	75 cl	2025-04-13	0	0	1	1	1	9	7			Offert par Michel Giannelli	Cadeau
Faustino I Gran Reserva	Espagne	Rioja	Rioja	rouge	1998	75 cl	2008-02-27	11	11	0	2	5	25	0		Coop en promo à -20 %		Non défini
Faustino I Gran Reserva	Espagne	Rioja	Rioja	rouge	2001	75 cl	2008-08-22	10.5	10.5	0	2	7	12	0		Coop Genève 16,90 CHF la btl		Non défini
Fehér Arany - Muskat-Ottonel (Nagyréde)	Hongrie	Nord Est	Autre appellation	blanc	2005	75 cl	2009-01-24	0	0	0	1	2	5	0	vins plutôt doux, fait d'abord penser à un Gewurztramminer	Offert par Christophe et Yvonne		Non défini
Finca Villacreces - Pruno	Espagne	Castille-Leon	Ribera del Duero	rouge	2009	75 cl	2011-10-04	9.9	9.9	0	3	2	7	2		The entry-level 2009 Pruno is predominantly Tempranillo with dollops of Cabernet SauvignonMerlot aged for 12 months in seasoned French oak. Opaque purple in color, it offers up a brooding bouquet of earthy minerality, Asian spices, incense,assorted black fruits. Velvety-textured, sweetly-fruited, layered, relatively forward,lengthy, this seamless effort admirably reveals the strengths of the great 2009 vintageis a superb value to boot. Drink it over the next 5-6 years	Caveprivée.com	Achat sur Internet
Fleur d'Azenay	France	Bourgogne	Mâcon Villages	blanc	2013	75 cl	2016-02-22	15	15	0	5	2	5	2		Vin sans prétention, élevage en fûts	Vonnas	Caviste
Flor de Pingus	Espagne	Castille-Leon	Ribera del Duero	rouge	2018	75 cl	2021-11-20	119	119	3	3	1	20	10		trouvé sur le net: pour le 2018, apogée 2027 à 2034, à boire avant 2036.	le carré des vins	Achat sur Internet
Fraidieu	Suisse	Vaud	Villette	blanc	2007	75 cl	2008-05-08	9.5	9.5	0	1	1	4	0		COOP Gva		Non défini
François Bergeret - Les Prévoles	France	Bourgogne	Beaune	rouge	2006	75 cl	2010-04-03	10	10	0	6	5	12	6			foire aux vins de Cruseilles	Salon de vignerons
François Mossu	France	Jura	Château-Châlon	vin jaune	2002	62,5 cl	2009-07-25	23	23	0	2	7	150	0		Pas cher pour un château Châlon et recommandé par le propriétaire des chambres d'hôtes de Toulouse le Chateau		Non défini
François Mossu Chardonnay Savagnin	France	Jura	Côtes du Jura	blanc	2006	75 cl	2009-07-25	7	7	0	1	1	15	0				Non défini
Frimas d'Octobre	France	Savoie, Dauphiné et Bugey	Vin de Savoie	blanc	2016	75 cl	2019-06-02	0	0	1	1	1	4	1			Offert par Gibbs	Cadeau
Fritz Haag - Riesling - Trocken	Allemagne	Mosel-Saar-Ruwar	Mosel-Saar-Ruwar	blanc	2010	75 cl	2012-01-19	10.5	10.5	0	2	1	5	1			Caveprivee	Achat sur Internet
Fruité de Régusse	France	Vallée du Rhône	Vin de Pays de Méditerranée	rosé	2009	75 cl	2010-08-22	0	0	0	1	1	2	1			offert par Laurent	Cadeau
Fruitière Vinicole d'Arbois - rubis	France	Jura	Arbois	rouge	2003	75 cl	2007-11-10	6.25	6.25	0	4	2	5	0	léger et souple, c’est le compagnon des salades,. charcuteries, viandes blanches, grillades, fromages	Issu de Pinot, Poulsard et Trousseau, élevé deux ans en foudre de chêne, ce vin friand à la robe rubis et au nez de fruits rouges, se révèle en bouche		Non défini
Fruitière Vinicole d'Arbois - Savagnin	France	Jura	Arbois	blanc	2002	75 cl	2008-09-11	10.5	10.5	0	2	2	5	0		FAV Carrefour 2008		Non défini
Fruitière Vinicole d'Arbois Chardonnay	France	Jura	Arbois	blanc	2005	75 cl	2007-11-10	6.25	6.25	0	3	2	5	0				Non défini
Fruitière Vinicole d'Arbois Vieilles Vignes	France	Jura	Arbois	blanc	2003	75 cl	2007-11-10	0	0	0	1	2	5	0		offert car nombreux achats		Non défini
Fruitiére Vinicole de Pupillin - Margillat	France	Jura	Côtes du Jura	blanc	2015	75 cl	2018-10-21	13	13	0	6	2	5	2		prix approximatif. Un blanc oxydatif classique idéal pour le fromage ou le poulet au vin jaune	salon mer &amp; vigne Annecy le Vieux 2018	Non défini
Fruitière Vinicole de Voiteur	France	Jura	Château-Châlon	vin jaune	1999	75 cl	2007-12-15	15	15	0	1	4	30	0		Carrefour		Non défini
Gautherot - Brut Sélection	France	Champagne	Champagne	blanc effervescent	-0	75 cl	2009-01-14	0	0	0	1	2	10	0		Offert par Annemarie (aide sur PC)		Non défini
Gayda - Sélection parcellaire Vermentino	France	Autre région	Vin de Table - Vin de France	vin jaune	2009	75 cl	2011-09-10	0	0	0	1	1	10	1		pour les amateurs du Jura d'après le caviste. Vendanges 2006, mise en bouteille 2009.	Offert par Caroline et Cécile Catheland (invitation)	Cadeau
Georges Millérioux et Fils	France	Vallée de la Loire	Sancerre	blanc	2011	75 cl	2013-03-24	8	8	0	5	2	5	2			salon des vins de Cruseilles	Salon de vignerons
Goldsiegel - Pinot Noir	Suisse	Schaffhausen	Hallauer	rouge	2006	75 cl	2009-03-27	0	15	0	2	2	5	0		offert par les collègues de Broadridge pour mes 40 ans		Non défini
Gosset - Grande Réserve Brut	France	Champagne	Champagne	blanc effervescent	-0	75 cl	2019-12-14	0	0	0	1	2	10	2			Cadeau Sophie Marchal pour le REFAD	Non défini
Gran Sello - Tempranillo Syrah	Espagne	Castille-Leon	Tierra de Leon	rouge	2014	75 cl	2017-03-04	0	10	0	1	1	5	1			offert par Mabrouk	Cadeau
Grand Vin de Château Dubraud	France	Bordeaux	Blaye	rouge	2003	1,5 l	2015-03-15	0	0	0	1	3	12	10		offert par Eric		Non défini
Grande Arche	France	Bordeaux	Saint Emilion Grand Cru	rouge	2006	1,5 l	2008-09-11	19.9	19.9	0	1	4	25	0		FAV Carrefour 2008		Non défini
Guidalberto	Italie	Toscane	Bolgheri and Bolgheri Sassicaia	rouge	2012	75 cl	2016-06-05	36	36	0	1	1	5	1		2ème vin de Sassicaia, issu des jeunes vignes.. 60 % Cabernet Sauvignon 40 % Merlot	Globus Balexert, Genève	Caviste
Hacienda Araucano - Carmenere Reserva	Chili	Central Valley	Valle de Colchagua	rouge	2006	75 cl	2008-09-20	6	6	0	1	2	6	0		FAV carrefour Bassens		Non défini
Heidsieck &amp; Co Monopole - 1er Cru Brut	France	Champagne	Champagne	blanc effervescent	-0	75 cl	2008-02-03	0	0	0	1	2	10	0		offert par les Brachet		Non défini
Henri Ehrhart	France	Alsace et Lorraine	Alsace Gewurztraminer	blanc	2004	75 cl	2025-01-19	0	0	0	1	1	5	1			Cave papa	Cadeau
Henri Ehrhart - Grand cru Mambourg	France	Alsace et Lorraine	Alsace Gewurztraminer	blanc	2005	75 cl	2025-01-19	0	0	1	1	1	20	1			Cave papa	Cadeau
Henri Ehrhart - Grand cru Rosacker	France	Alsace et Lorraine	Alsace Gewurztraminer	blanc	2005	75 cl	2008-10-06	8.5	8.5	0	3	3	15	0		FAV Auchan		Non défini
Henri Maire	France	Jura	Château-Châlon	vin jaune	1985	75 cl	2008-12-12	37	37	0	1	4	30	0		ebay		Non défini
Henri Maire	France	Jura	Arbois	vin jaune	1989	62,5 cl	2008-12-12	37	37	0	1	4	30	4		ebay		Non défini
Henri Prudhon et Fils 	France	Bourgogne	Bourgogne Aligoté	blanc	2014	75 cl	2017-02-25	0	10	0	1	1	5	1			Caveau de St Aubin(offert)	En direct du producteur
Héritage - Amigne	Suisse	Valais	Varen/Varone	blanc moëlleux	2007	75 cl	2008-12-09	13	13	0	2	2	7	0	Accompagnement : salade de fruits, tarte aux fruits, foie gras poêlé.. 	Dégustation : nez tilleul, massepain, écorce de mandarine, citron, pêche blanche, melon; en bouche tendre, onctueux, légère douceur, jolie fraîcheur citronée en finale, bonne persistance.. 		Non défini
Héritage - Humagne rouge	Suisse	Valais	Varen/Varone	rouge	2007	75 cl	2008-06-17	15	15	0	1	3	12	0	Accompagnement : chasse, viandes rouges, fromages.. . Température de service : 12 - 14° C	Gamme : Héritage . Caractéristiques : rouge élevé en foudre . Cépage : Humagne Rouge. . Terroir : Sion. . Vinification : élevage dans des vases de bois.. . Récolte par m2 : 900 gr.. . Dégustation : au nez gentiane, humus, note fumée, sensations d'alpages,		Non défini
Héritage - Humagne rouge	Suisse	Valais	Varen/Varone	rouge	2006	75 cl	2008-07-31	0	0	0	1	2	10	0		en remplacement de la bouteille abîmée		Non défini
Héritage - Petite Arvine	Suisse	Valais	Varen/Varone	blanc	2007	75 cl	2008-06-17	13	13	0	1	3	6	0	Accompagnement : apéritifs, poissons et crustacés.. . Température de service : 10° C. 	Gamme : Héritage . Caractéristiques : blanc sec élevé en cuve . Cépage : Petite Arvine. . Terroir : Sion. . Récolte par m2 : 800 gr.. . Dégustation : au nez intense, glycine, agrumes, pamplemousse, fruits exotiques; en bouche élégant, frais, vif, complexi		Non défini
Histoire d'Enfer - Humagne blanche	Suisse	Vaud	Autre appellation	blanc	2011	75 cl	2014-05-27	0	20	0	1	1	5	1		Jolie complexité aromatique, le vin est pur et cristallin à ce stade et paraît moins tendu que le 2010. Fera une très belle bouteille d?apéritif et de repas surtout par sa fraicheur pour un 2011.	Offert par Alain Cartier (Broadridge)	Cadeau
Hofman - D?vín	République Tchèque	Moravie	Moravie	blanc	2010	75 cl	2011-09-04	0	0	0	1	1	5	1			Prague - offert par Jiri	Cadeau
Hofman - Fruit Barrique	République Tchèque	Moravie	Moravie	rouge	2010	75 cl	2011-09-04	0	0	0	1	1	5	1			Prague - offert par Jiri	Cadeau
Hofman - Kotr?	République Tchèque	Moravie	Moravie	blanc	2010	75 cl	2011-09-04	0	0	0	1	1	5	1		sec, légèrement plus doux car 2010 ensoleillé	Prague - offert par Jiri	Cadeau
Hofman - Ryzlink	République Tchèque	Moravie	Moravie	blanc	2007	75 cl	2011-09-04	0	0	0	1	1	5	1			Prague - offert par Jiri	Cadeau
Homoky Dorka	Hongrie	Nord Est	Tokaj-Hegyalja ou Tokaji	blanc	-0	75 cl	2021-03-14	0	0	0	1	1	5	1			cadeau Franck (DiotVino)	Non défini
Hospices de Nuits - Les Saint Julien - Les Plateaux - Cuvée Claude Poyen	France	Bourgogne	Nuits Saint Georges	rouge	1998	75 cl	2012-12-29	34.95	34.95	0	2	4	20	4			Auchan	Grande surface
J M Gobillard Fils	France	Champagne	Champagne	rosé effervescent	-0	75 cl	2013-05-05	0	15	0	1	2	10	2			Offert par Anthony et Carole	Cadeau
Jacquart -  Mosaique - Brut	France	Champagne	Champagne	blanc effervescent	-0	75 cl	2009-11-19	0	22	0	1	2	10	0		Cadeau Broadridge fin des travaux 2009-11		Non défini
Jacques Maillet - Cuvée Autrement	France	Savoie, Dauphiné et Bugey	Vin de Savoie Chautagne	rouge	2012	75 cl	2014-11-30	0	0	1	1	1	5	1			offert par Alain et Paula	Cadeau
Jacques Puffeney	France	Jura	Arbois	vin jaune	1999	62 cl	2007-11-10	29	29	1	1	4	30	0		laisser vieillir encore une dizaine d'année pour qu'il donne le meilleur de lui même.		Non défini
Jacques Puffeney	France	Jura	Arbois	vin jaune	1997	62 cl	2007-11-10	28	28	1	1	4	30	0		très développé déjà. Bon à boire dès maintenant et pendant très longtemps.		Non défini
Jacques Puffeney	France	Jura	Arbois	vin de paille	2003	37,5 cl	2007-11-10	22	22	1	1	4	30	0				Non défini
Jacques Puffeney	France	Jura	Arbois	vin jaune	2003	75 cl	2011-11-13	30	30	0	2	7	30	20		par Franck et Cécile	Montigny les Arsures	En direct du producteur
Jacques Puffeney - Cuvée Sacha	France	Jura	Arbois	blanc	2002	75 cl	2007-11-11	9	9	0	2	2	5	0				Non défini
Jacques Puffeney - Les Bérengères - Trousseau 	France	Jura	Arbois	rouge	2005	75 cl	2007-11-10	12	12	0	3	2	5	0	Elevé 18 mois en foudre de chêne, ce vin très concentré développe un nez de fruits rouges et une bouche de griottes. Accompagne admirablement grands gibiers, viandes rouges, salaisons et fromages de caractère.	Vin semble-t-il apprécié par le meilleur sommelier du monde. Retenu pour figurer à la carte de grands restaurants à Paris, Nice ou New York		Non défini
Jacques Robin - Brut	France	Champagne	Champagne	rosé effervescent	-0	75 cl	2013-06-02	14.8	14.8	0	3	1	5	1			Arbusigny	En direct du producteur
Jacques Robin - Cuvée Topaze - Brut	France	Champagne	Champagne	blanc effervescent	-0	75 cl	2013-06-01	15	15	0	3	2	10	2			Arbusigny	En direct du producteur
Jean Daniel Favre - Pinot noir	Suisse	Valais	Chamoson	rouge	2008	75 cl	2011-03-16	0	12.7	0	1	1	5	1		Offert par Broadridge pour mes 42 ans	La maison du vin, Genève	Caviste
Jean Masson - La Déchirée	France	Savoie, Dauphiné et Bugey	Vin de Savoie Apremont	blanc	2017	75 cl	2018-03-17	0	0	0	1	1	5	1		offert par Jean Masson, à boire avec Franck	Apremont	En direct du producteur
Jean-Claude Rateau - 1er cru - Les Bressandes	France	Bourgogne	Côte de Beaune	rouge	2001	75 cl	2008-07-13	0	0	0	1	5	7	0				Non défini
Jean-Claude Rateau - 1er cru - Les Reversées	France	Bourgogne	Beaune	rouge	2001	75 cl	2008-06-14	0	0	0	1	4	12	0		Offert par Annemarie pour remierciement du dépannage informatique		Non défini
Jean-Claude Trapet	France	Bourgogne	Bourgogne Hautes Côtes de Nuits	rouge	2005	1,5 l	2008-06-21	25	25	0	2	4	12	0	Attendre...	Ramené par Franck et Cécile de Bourgogne		Non défini
Jean-Claude Trapet	France	Bourgogne	Bourgogne Hautes Côtes de Nuits	rouge	2005	75 cl	2008-09-16	10	10	0	3	3	10	0		Par Franck		Non défini
Jean-Claude Trapet	France	Bourgogne	Bourgogne Hautes Côtes de Nuits	rouge	2007	75 cl	2010-06-20	9	9	0	3	1	5	1		déjà bon mais peut attendre un peu. Ouvrir 2 heures avant.	Par Franck et Cécile	En direct du producteur
Jean-Claude Trapet - Hautes côtes de Nuit - cuvée spéciale	France	Bourgogne	Bourgogne Hautes Côtes de Nuits	rouge	2008	75 cl	2010-06-20	10	10	0	3	1	5	1		peut attendre mais déjà bon. Ouvrir 2 h avant.	Par Franck et Cécile	En direct du producteur
Jean-Claude Trapet - Le Parc Tastevinage	France	Bourgogne	Bourgogne Hautes Côtes de Nuits	rouge	2011	75 cl	2015-11-01	12	12	0	9	3	10	3			chez Trapet	En direct du producteur
Jean-Claude Trapet - Les Fournaches Tastevinage	France	Bourgogne	Bourgogne Hautes Côtes de Nuits	rouge	2010	75 cl	2015-11-01	12	12	0	9	3	10	3			chez Trapet	En direct du producteur
Jean-Luc Bucher	France	Alsace et Lorraine	Alsace Gewurztraminer	blanc	2006	75 cl	2008-04-13	8	8	0	1	1	6	0		R2mené d'Alsace par Jérôme et Stéphanie		Non défini
Jean-Michel Pelletier - Brut Sélection	France	Champagne	Champagne	blanc effervescent	-0	75 cl	2015-03-15	0	0	0	1	2	10	2		amené par parents pour mon anniversaire 2015	sur place	Cadeau
Jeauneaux-Robin - Prestige	France	Champagne	Champagne	blanc effervescent	-0	75 cl	2013-11-09	0	0	0	1	2	10	2		redire à Gaëlle et Sébastien si c'est bien	offert par Gaelle et Sébastien	Cadeau
Jérôme Tappe - pinot gris Mambourg terre d'argile	France	Alsace et Lorraine	Alsace Pinot Gris	blanc	2020	75 cl	2022-02-26	12	12	3	3	4	10	4			foire aux vins cruseilles 2022	Salon de vignerons
Jérôme Tappe - Riesling GC Mambourg	France	Alsace et Lorraine	Alsace Riesling	blanc	2020	75 cl	2022-02-26	14	14	1	6	2	10	2			Foire aux vins Cruseilles 2022	Salon de vignerons
Jo Landron - Hermine d'Or	France	Vallée de la Loire	Muscadet Sevre et Maine	blanc	2007	75 cl	2008-10-31	8	8	0	3	2	5	0	fruits de mer, poissons fins	Vignerons indépendants Lyon		Non défini
Josmeyer - Fleur de Lotus	France	Alsace et Lorraine	Alsace	blanc	2008	75 cl	2010-05-12	10.15	10.15	0	2	1	5	1			Par Denis	En direct du producteur
Josmeyer - Peau Rouge	France	Alsace et Lorraine	Alsace Sylvaner	blanc	2008	75 cl	2010-05-12	8.3	8.3	0	4	1	5	1			par Denis	En direct du producteur
Josmeyer - Sélection de grains nobles	France	Alsace et Lorraine	Alsace Pinot Gris	blanc liquoreux	1995	50 cl	2016-04-04	27.6	28	0	3	15	40	25			ventes privées	Vente par correspondance
Judeka - Bianco di Fata	Italie	Sicile	Sicile	blanc	2017	75 cl	2019-03-02	9	9	0	1	1	5	1			magasin italien, Meythet	Epicerie fine
Kientzler, Muscat Grand Cru Kirchberg	France	Alsace et Lorraine	Alsace Muscat	blanc	2005	75 cl	2009-04-11	14.8	14.8	0	3	2	12	0				Non défini
Kientzler, Riesling Réserve Particulière	France	Alsace et Lorraine	Alsace Riesling	blanc	2007	75 cl	2009-04-11	11	11	0	3	2	12	0				Non défini
L'Héritage de Chasse Spleen	France	Bordeaux	Haut-Médoc	rouge	2005	75 cl	2008-03-21	11.25	11.25	0	2	5	20	0		foire aux vins de printemps Carrefour		Non défini
L'Or du Château de l'Orangerie	France	Bordeaux	Cadillac	blanc liquoreux	2005	75 cl	2007-09-13	6	6	0	2	3	15	0				Non défini
L'Oratoire de Chasse Spleen	France	Bordeaux	Moulis-en-Médoc	rouge	2006	75 cl	2010-03-20	10.95	10.95	0	3	4	15	4			cqrrefour	Grande surface
La Bartavelle	France	Savoie, Dauphiné et Bugey	Vin de Savoie Chignin-Bergeron	blanc	2008	75 cl	2011-03-19	0	0	1	1	1	5	1		Offert par Eric pour mes 42 ans		Cadeau
La Clarté de Haut-Brion	France	Bordeaux	Pessac-Léognan	blanc	2023	75 cl	2024-06-21	86	86	3	3	2	12	2			Primeurs 2023 ventealapripriete	Achat sur Internet
La Clémence - Gamaret	Suisse	Genève	Genève	rouge	2012	75 cl	2015-08-30	0	0	0	1	1	5	1			offert par Jérôme Plée	Cadeau
La Coulée d'Ambrosia - Douceur Angevine	France	Vallée de la Loire	Autre appellation	blanc moëlleux	2010	75 cl	2011-07-29	10	10	0	1	5	15	7		vin naturel	Beaulieu sur Layon	En direct du producteur
La Coulée d'Ambrosia - Eureka	France	Vallée de la Loire	Autre appellation	blanc effervescent	2010	75 cl	2011-07-29	6.5	6.5	0	2	1	5	1			Beaulieu sur Layon	En direct du producteur
la coulée d'ambrosia - les joues rouges	France	Autre région	Vin de Table - Vin de France	rouge	2010	75 cl	2011-07-29	6	6	0	3	1	3	1		à carafer ou aérer impérativement 15mn avant pour dégazer	Beaulieu sur Layon	En direct du producteur
la coulée d'ambrosia - o2 vigne	France	Autre région	Vin de Table - Vin de France	vin jaune	2005	75 cl	2011-07-29	14.5	14.5	1	3	5	15	10		oxydatif, naturel	Beaulieu sur Layon	En direct du producteur
La Coulée d'Ambrosia - Panier de Fruits	France	Vallée de la Loire	Autre appellation	blanc	2010	75 cl	2011-07-29	8	8	0	2	1	5	3		vin naturel sans aucun produit ajouté	Beaulieu sur Layon	En direct du producteur
La Coulée d'Ambrosia - Villageois 	France	Autre région	Vin de Table - Vin de France	rouge	2010	75 cl	2011-07-29	10	10	1	7	1	5	3			Beaulieu sur Layon	En direct du producteur
La Demoiselle de Sociando Mallet	France	Bordeaux	Haut-Médoc	rouge	2006	75 cl	2009-07-30	10	10	0	2	5	20	0				Non défini
La Magia	Italie	Toscane	Brunello di Montalcino	rouge	2013	75 cl	2018-05-17	30	30	0	2	1	10	1		Powerstructure are balanced with superb elegance in Brunello di Montalcino La Màgia, a remarkable wine that is aged for three years mainly in 500 litre French oak tonneaux.. The colour is ruby red tending towards garnet, with typical red berry fruit opening out on the nosein the mouth, mineral overtones, delicate spices, supported by generous acidity, restrained tannina long finish.	Qoqa - Qwine	Achat sur Internet
La Sirène de Giscours	France	Bordeaux	Margaux	rouge	2005	75 cl	2008-04-12	16.9	16.9	0	2	4	25	0		Carrefour		Non défini
La Soufrandière - 1er cru au Vignerais	France	Bourgogne	Pouilly-Fuissé	blanc	2023	75 cl	2025-02-20	46	46	1	1	3	15	3			Le carré des vins	Achat sur Internet
La Soufrandière - X-Taste	France	Bourgogne	Pouilly-Vinzelles	blanc	2017	37,5 cl	2025-02-20	52	52	0	1	2	10	2		une curiosité sans doute, un liquoreux en terre de vins secs !	Le carré des vins	Achat sur Internet
La Terrasse de la Garde	France	Bordeaux	Pessac-Léognan	rouge	2018	75 cl	2022-10-08	10.95	10.95	1	1	4	18	4			FAV carrefour Cruseilles	Grande surface
Lacoste Borie	France	Bordeaux	Pauillac	rouge	2005	75 cl	2008-09-20	18.9	18.9	0	2	4	25	0		FAV Carrefour Bassens		Non défini
Lagache - Brut	France	Champagne	Champagne	blanc effervescent	-0	75 cl	2008-03-21	0	0	0	1	2	10	0		...'sais pas d'où elle sort, celle-là !!!		Non défini
Lambert de Seyssel, Royal Seyssel Carte Noire	France	Savoie, Dauphiné et Bugey	Seyssel	blanc effervescent	2010	75 cl	2016-12-29	0	0	0	1	1	4	1			offert ? par qui ?	Cadeau
Lan - Gran Reserva	Espagne	Rioja	Rioja	rouge	2007	75 cl	2016-03-04	12	12	0	6	5	10	5			vente-orivée.com	Achat sur Internet
Lanson - Black Label Brut	France	Champagne	Champagne	blanc effervescent	-0	75 cl	2019-03-16	0	0	0	1	2	10	2			Offert par Maryse pour mes 50 ans	Cadeau
Laurent Perrier Brut L-P	France	Champagne	Champagne	blanc effervescent	-0	75 cl	2009-04-11	0	0	0	1	2	10	0		Thierry Maheu pour mon anniv.		Non défini
LDVIN	France	Bordeaux	Sauternes	blanc liquoreux	2012	37,5 cl	2015-12-24	13	13	0	6	5	30	5			par Franck Merloz	En direct du producteur
Le Caniette - Gaia	Italie	Marches	Offida	blanc	2016	75 cl	2022-08-21	0	12	1	1	1	8	1			offert par Patrick	Cadeau
Le Caniette - Gaia	Italie	Marches	Offida	blanc	2012	75 cl	2015-03-08	0	0	0	1	1	5	1		Pretty label that looks hand-drawn. The wine is a more charged gold than the Veronica, with brilliant golden reflectionswhite rim. The bouquet is fairly intense, with some loquat fruit supported by honeysucklebutterscotch; wood is quite evident,though it does come to the fore it doesn?t detract. On the palate it?s languid, with fairly rich bitter lemon fruit supported by gunflint laced lemony acidity that gains definition from bitter savory notes,flows into a rather bitter finish with some flinty tannic accents. The oak is much more evident on the nose than palate, where it primarily confers a certain languor,as I said, while it is present it doesn?t distract,this is especially true for the palate, where the nuances of the grapes come though quite well. It is pleasant in a charged key,will work well with grilled or roasted fish,I might also be tempted to serve it with white meats, while its body is such that it will also work nicely with Oriental cuisines.	offert par Patrick et Carla	Cadeau
Le Caniette - Morellone	Italie	Marches	Offida	rouge	2016	75 cl	2022-08-21	0	17.5	1	1	1	15	10			offert par Patrick	Cadeau
Le Caniette - Nero di Vite	Italie	Marches	Offida	rouge	2013	75 cl	2023-03-11	0	33	1	1	1	5	1	À combiner avec des viandes importantes, du gibier et des fromages affinés.. . 		offert par Patrick et Carla	Cadeau
Le Caniette - Passerina	Italie	Marches	Offida	blanc	2010	75 cl	2011-09-11	0	5	0	1	1	3	1	En apéritif, hors d'oeuvres, charcuterie et fromages.	Robe jaune paille aux reflets verdâtres.. Bouquet de fleurs d'acacia, pêche, poire, agrumes avec une touche minérale.. En bouche il est frais, fruité, doux et bien équilibré.	Lyon chez Patrick	Cadeau
Le Cellier du Palais	France	Savoie, Dauphiné et Bugey	Vin de Savoie Apremont	blanc	2013	75 cl	2014-09-27	5.2	5.2	0	1	1	5	1		un test de Nath sur les conseils de carouf market	Carrefour Market	Grande surface
Le Clos d'un Jour - La Cuvée d'un Jour	France	Sud-Ouest	Cahors	rouge	2009	75 cl	2013-03-16	0	18	1	1	5	15	5			offert par Franck et Cécile	Cadeau
Le Clos d'un Jour - Un Jour sur Terre	France	Sud-Ouest	Cahors	rouge	2010	75 cl	2013-01-05	13	13	1	3	5	15	5			commandé chez le producteur	En direct du producteur
Le Haut-Médoc de Giscours - Grande Réserve	France	Bordeaux	Haut-Médoc	rouge	2000	75 cl	2008-06-26	17	17	0	3	5	20	0		ebay		Non défini
Le Haut-Médoc de Giscours - Grande Réserve	France	Bordeaux	Haut-Médoc	rouge	2005	75 cl	2008-12-30	9.95	9.95	0	3	7	20	0		Auchan. 1 bouteille bue 2009-10-11, peut largement vieillir encore. Attendre 2012 pour la prpchaine.		Non défini
Le Haut-Médoc de Giscours - Grande Réserve	France	Bordeaux	Haut-Médoc	rouge	2006	75 cl	2010-12-17	9.9	9.9	0	2	5	20	5			Auchan	Grande surface
Le sot de l'ange - brut nature	France	Vallée de la Loire	Crémant de Loire	blanc effervescent	2008	75 cl	2016-10-22	0	0	0	1	1	15	9			Offert par YannbCena	Cadeau
Le vignoble de Rhuys - Dantelezh cabernet franc	France	Autre région	Vin de Pays Vignobles de France	rosé	2023	75 cl	2024-06-15	16	16	0	3	1	5	1			Sarzeau	En direct du producteur
Le vignoble de Rhuys - Dantelezh chardonnay	France	Autre région	Vin de Pays Vignobles de France	blanc	2023	75 cl	2024-06-15	161	16	2	3	1	5	1			Sarzeau	En direct du producteur
Le vignoble de Rhuys - Dantelezh chenin	France	Autre région	Vin de Pays Vignobles de France	blanc	2023	75 cl	2024-06-15	16	16	5	6	1	5	1			Sarzeau	En direct du producteur
Le Vin de Merde - Vin des philosophes	France	Autre région	Vin de Table - Vin de France	blanc	-0	75 cl	2013-05-05	0	10	0	1	1	5	1		Offert par Anthony et Carole	Offert par Anthony et Carole	Cadeau
Léo de La Gaffelière	France	Bordeaux	Saint Emilion	rouge	2013	75 cl	2015-10-25	9.75	9.75	1	2	4	12	4			carrefour market Cruseilles	Grande surface
Les Fils de René Quenard - La Bergeronelle	France	Savoie, Dauphiné et Bugey	Vin de Savoie Chignin-Bergeron	blanc	2012	75 cl	2014-11-30	0	0	0	1	1	5	1			offert par Alain et Paula	Cadeau
Les Frères Philippoz - Petite Arvine	Suisse	Valais	Leytron	blanc	2009	75 cl	2011-10-12	23	23	0	1	1	5	1	apéro par exemple	vin légèrement doux, frais, léger dégagement gazeux pas désagréable	Lavinia Genève	Caviste
Les Hauts de Pontet-Canet	France	Bordeaux	Pauillac	rouge	2006	75 cl	2008-09-21	16.95	16.95	0	2	4	25	0		FAV Auchan		Non défini
Les Hauts de Smith	France	Bordeaux	Pessac-Léognan	rouge	2004	75 cl	2007-12-15	14.5	14.5	0	2	4	18	0		Carrefour		Non défini
Les Hauts du Tertre	France	Bordeaux	Margaux	rouge	2001	75 cl	2007-12-15	14.5	14.5	0	2	4	25	0		Carrefour		Non défini
Les marques - pinot noir Valroc de Sion	Suisse	Valais	Varen/Varone	rouge	2004	75 cl	2008-06-17	12	12	0	1	3	12	0	Accompagnement : coq au vin, fromages à pâtes molles, filet de boeuf.. . Température de service : 14 - 16° C. 	Gamme : Les Marques . Caractéristiques : rouge élevé en foudre . Cépage : Pinot Noir. . Terroir : Sion. . Vinification : élevage en vases de bois.. . Dégustation : nez de fruit noirs, notes de sous-bois, de réglisse, en bouche fin, élégant, tanins bien pr		Non défini
Les marques - pinot noir Valroc de Sion	Suisse	Valais	Varen/Varone	rouge	2003	75 cl	2008-07-31	12.3	12.3	0	2	3	10	0				Non défini
Les Pélerins de Lafon-Rochet	France	Bordeaux	Saint Estèphe	rouge	2002	75 cl	2007-09-13	11.9	11.9	0	2	4	30	0				Non défini
Les Pères Fruit'art - Cidre moëlleux de pommes	Suisse	Vaud	Vinzel	vin doux naturel	2005	75 cl	2008-08-31	0	0	0	1	2	4	0		offert par Alain et Paula		Non défini
Les Vignerons Ardéchois - Vendanges d'Octobre	France	Vallée du Rhône	Vin de Pays des Coteaux de L'Ardèche	blanc moëlleux	2022	75 cl	2023-09-30	12	12	1	1	1	5	1			Néovinum Ruoms	Caviste
Les Vignes de Paradis - C de Marin	France	Savoie, Dauphiné et Bugey	Vin de Pays d'Allobrogie	blanc	2013	75 cl	2014-07-09	0	15	0	1	2	5	2			Echangé avec Yann Cena	Cadeau
López de Heredia - Viña Tondonia Reserva	Espagne	Rioja	Rioja	rouge	2007	75 cl	2019-09-19	27.9	27.9	0	6	1	20	1		goûté chez Yoann Conte, en dégustation, et trouvé extrêmement bon. Apparemment un des tops de la Rioja	Vinissimus	Achat sur Internet
López de Heredia - Viña Tondonia Reserva	Espagne	Rioja	Rioja	rouge	2010	75 cl	2023-03-24	35	35	2	3	1	15	1			Le carré des vins	Achat sur Internet
Louis Barthélémy - Brut Saphir Millésimé	France	Champagne	Champagne	blanc effervescent	2006	75 cl	2014-02-14	0	32	0	1	2	10	2			Saveurs d'ici et d'ailleurs	Caviste
Louis Barthélémy - Zero dosage topaze	France	Champagne	Champagne	blanc effervescent	-0	75 cl	2014-02-14	0	28.5	0	1	1	5	1			Saveurs d'ici et d'ailleurs	Caviste
Louis Danremont, Brut	France	Champagne	Champagne	blanc effervescent	-0	75 cl	2018-12-24	0	0	0	1	2	10	2			Offert par Maryse, noël 2018	Cadeau
Louis Magnin - Gamay	France	Savoie, Dauphiné et Bugey	Vin de Savoie	rouge	2007	75 cl	2009-05-17	8	8	0	2	1	15	0		D'après le producteur, le Gamay se conserve aussi longtemps que la Mondeuse		Non défini
Louis Magnin - Mondeuse	France	Savoie, Dauphiné et Bugey	Vin de Savoie Arbin	rouge	2014	75 cl	2019-07-07	18	18	0	3	1	10	6		buvable dès 2019, la petite cuvée mondeuse du domaine	Par Franck	Caviste
Louis Magnin - Mondeuse	France	Savoie, Dauphiné et Bugey	Vin de Savoie Arbin	rouge	2015	75 cl	2020-12-13	20	20	0	3	1	10	1			par Franck	Caviste
Louis Magnin - Mondeuse	France	Savoie, Dauphiné et Bugey	Vin de Savoie Arbin	rouge	-0	75 cl	2020-12-25	20	20	0	1	5	15	10			par Franck (Diot-vino)	Non défini
Louis Magnin - Mondeuse - Vieilles Vignes	France	Savoie, Dauphiné et Bugey	Vin de Savoie Arbin	rouge	2014	75 cl	2024-11-17	0	0	1	1	1	5	1			retrouvée alors que je la croyais bue	Non défini
Louis Magnin, Mondeuse La Brova	France	Savoie, Dauphiné et Bugey	Vin de Savoie	rouge	2006	75 cl	2019-07-07	35	35	1	3	10	20	14		éa grande cuvée du domaine, déjà prête à boire	via Franck	Caviste
Luc Massy - Grand Cru - Chemins de fer 	Suisse	Vaud	Dézaley	blanc	2015	75 cl	2017-11-25	28	28	0	1	3	5	4	Le Dézaley Chemin de Fer est un vin de caractère qui a besoin d?une année de garde au minimum pour offrir sa plénitude, sa complexité aromatique, avec ses touches de silex, de pierre à fusil, ses notes miellées. Il est opulent, flatteur, emplit la bouche avec beaucoup de générosité avant de conclure sur une très longue finale. Au terme de quelques années, le Dézaley Chemin de Fer gagne encore en complexité. Fier de son rang et de son mythe, le Dézaley Chemin de Fer va magnifier des volailles truffées, des poissons nobles ou des crustacés. Il saura résister à des sauces puissantes, donnera de la noblesse à des ris de veau caramélisés. Et, en fin de repas, il fera un couple magique avec un vieux gruyère ou un vacherin Mont-d?Or de caractère.	offert par Nicolas car je lui ai débloqué l'iPad	cadeau de Nicolas Métais	Cadeau
Lustau - East India Solera	Espagne	Andalousie	Jerez Xérès Sherry	vin blanc muté	-0	75 cl	2009-07-04	15.9	15.9	1	3	10	15	0	Accords: desserts au chocolat, cake, en vin de méditation	Cette spécialité de la maison Lustau est un des fleurons des vins de dessert de la gamme. D'une grande richesse en bouche, on adore la complexité aromatique de ce vin aux arômes envoûtant de figue, de pruneau et de caramel.. . East India Solera est un ass		Non défini
Lustau - Papirusa	Espagne	Andalousie	Manzanilla de Sanlúcar de Barrameda	vin blanc muté	-0	75 cl	2009-07-04	9.9	9.9	2	3	1	5	0	Il sera idéal, très frais à l?apéritif, sur des tapas ou sur des plats épicés.. . . 	Découvrez la première cuvée de manzanilla de la maison Lustau, un jerez produit à partir du cépage palomino fino élevé sous voile. Il s?agit d?un vin blanc au nez d?arômes de noisette et d?épices. En bouche, l?attaque est ronde, avec du gras mais bien équ		Non défini
Luzy-Macarez - Séduction	France	Bourgogne	Pouilly-Fuissé	blanc	2016	75 cl	2019-06-02	0	0	0	1	3	15	3			Offert par Gibbs	Cadeau
Luzy-Macarez - Séduction	France	Bourgogne	Pouilly-Fuissé	blanc	2023	75 cl	2025-10-30	0	0	1	1	3	15	3			Offert par les Guibé	Cadeau
M. Chapoutier	France	Vallée du Rhône	Crozes-Hermitage	rouge	2008	75 cl	2010-09-12	9.95	9.95	0	2	4	10	4			FAV Auchan 2010	Grande surface
M. Chapoutier - Les Meysonniers	France	Vallée du Rhône	Crozes-Hermitage	rouge	2006	75 cl	2008-06-15	0	0	0	2	2	7	0		offert par Nath pour la fête des pères		Non défini
Macán	Espagne	Rioja	Rioja	rouge	2016	75 cl	2020-10-30	41.75	41.75	2	2	1	15	1		Passer en carafe 1h avant le service. Accords recommandés: Tranche de Pata Negra, filet mignon de porc au poivre, agneau de lait, ragoûts, rôti d'agneau, Charcuterie, Viande rouge, Barbecue, Fromage	Vinissimus	Vente par correspondance
Maison Mallard-Gaulin	France	Bourgogne	Clos de Vougeot	rouge	2002	75 cl	2008-08-02	30	30	0	2	6	18	0	pour les 18 ans de Titouan ?	eBay		Non défini
Manga del Brujo	Espagne	Aragon	Calatayud	rouge	2006	75 cl	2009-06-21	0	0	0	2	1	12	0	Buvable maintenant ou peut attendre longtemps.	Cadeau fête des pères 2009.. Vin non filtré.. Carafer assez longtemps, bien meilleur !		Non défini
Marc Brédif - réserve privée	France	Vallée de la Loire	Chinon	rouge	2005	75 cl	2012-07-14	18.8	18.8	0	3	3	10	3		commandé du 1995 reçu du 2005...	commandé	En direct du producteur
Marc Brédif - réserve privée	France	Vallée de la Loire	Chinon	rouge	2000	75 cl	2012-07-14	19.5	19.5	0	3	3	18	3			commandé	En direct du producteur
Marc Brédif - réserve privée	France	Vallée de la Loire	Chinon	rouge	1995	75 cl	2012-07-23	0	18.8	0	3	3	20	3		offert suite erreurs dans la commande précédente	commandé	En direct du producteur
Marc Bredif - Vigne Blanche	France	Vallée de la Loire	Vouvray	blanc	2009	75 cl	2012-07-14	10	16	0	3	4	20	4		livré 2009 par erreur au lieu de 2010 du coup payé 10 au lieu de 16	commandé	En direct du producteur
Marc Sarrazin Grand Cru	France	Bourgogne	Corton-Charlemagne	blanc	2003	75 cl	2008-08-16	30	30	0	1	4	15	0		sur eBay attention 1 des 3 était abîmée (coup de chaud, bouchon sorti !!!)		Non défini
Marcel Cabelier	France	Jura	Château-Châlon	vin jaune	1999	75 cl	2008-03-29	17.95	17.95	0	2	4	30	0		Foire aux vins de printemps - Auchan		Non défini
Marcel Cabelier Chardonnay Vieilles Vignes	France	Jura	Côtes du Jura	blanc	2005	75 cl	2008-09-11	4.5	4.5	0	2	2	5	0		FAV Carrefour 2008		Non défini
Marcel Deiss	France	Alsace et Lorraine	Alsace	blanc	2013	75 cl	2015-04-15	13	13	0	5	1	5	1			chez Deiss	En direct du producteur
Marcel Deiss	France	Alsace et Lorraine	Alsace Pinot Noir	rouge	2009	75 cl	2015-04-16	15	15	0	3	2	10	2			chez Deiss	En direct du producteur
Marcel Deiss - Burg	France	Alsace et Lorraine	Alsace	blanc	2004	75 cl	2009-04-08	33	33	0	2	2	10	2	Grand vin blanc gras, minéral, complexe et épicé. La robe, dorée et somptueuse, le nez concentré, sur ces épices si particulières des Marnes du Keuper (cardamone, cannelle, clou de girofle, Muscade) avec ce savant balancement entre une rigueur quasi métrique de la terre mouillée, et l?épanouissement frénétique d?un fruit trop juteux.. Peut s?utiliser dès maintenant, à condition impérative d?être carafé, sur tous les plats de la cuisine exotique et les plats majeurs de la grande Cuisine française dès lors que le fond y joue une position centrale. Peut avec profit être servi au verre (3-4 jours de vidange ne lui font pas peur !)	Ce vin provient du terroir du BURG, Premier Cru de notre vignoble de Bergheim, dont les caractéristiques géologiques (marnes bariolées du Keuper à rares intercalations calcaires) et climatiques (exposition plein sud, situation protégée en retrait de la va	Bergheim	En direct du producteur
Marcel Deiss - Canicule 	France	Alsace et Lorraine	Alsace	blanc liquoreux	2003	37,5 cl	2009-04-08	0	0	0	1	3	15	0				Non défini
Marcel Deiss - Engelgarten	France	Alsace et Lorraine	Alsace	blanc	2005	75 cl	2009-04-11	24	24	0	3	2	12	0	comme un grave blanc	Complantation de Riesling ? Pinot Gris ?Beurot ? Muscat ? Pinot Noir. Ce vin provient de notre vignoble de l'ENGELGARTEN, magnifique terroir de Graves situé à un jet de canon des fortifications médiévales de Bergheim. Ce terroir, par sa structure graveleu		Non défini
Marcel Deiss - Engelgarten	France	Alsace et Lorraine	Alsace	blanc	2011	75 cl	2014-05-07	25	25	0	2	1	10	7			Domaine Marcel Deiss	En direct du producteur
Marcel Deiss - Grand Cru Mambourg	France	Alsace et Lorraine	Alsace Riesling	blanc	2015	75 cl	2016-10-24	50	50	1	2	2	20	2		livraison probable début 2018 - déjà payé	Achats en primeur	Non défini
Marcel Deiss - Grand Cru Mambourg	France	Alsace et Lorraine	Alsace Riesling	blanc	2020	75 cl	2021-07-25	44.46	44.46	2	2	10	20	12	Cépages erronés dans la fiche. Selon le site: Vigne complexe composée de toute la famille des Pinots: gris, Beurrot, Blanc et Noir.	prix normal 63, en primeur 48.33, en primeur avec réduction 44.46	primeurs Deiss 2020	En direct du producteur
Marcel Deiss - Grand Cru Mambourg	France	Alsace et Lorraine	Alsace Riesling	blanc	2022	75 cl	2023-07-29	58.15	58.15	2	2	5	25	18			Primeurs Deiss 2022 - pack de 12 GC	En direct du producteur
Marcel Deiss - Grand Cru Schlossberg	France	Alsace et Lorraine	Alsace	blanc	2020	75 cl	2021-07-25	33.9	33.9	2	2	5	20	10		Non achetable individuellement en raison de la faible quantité disponible. Prix en primeurs dans la C12 des GC Deiss: 36.85 mais 33.90 avec la réduction fidélité	Primeurs Deiss 2020	En direct du producteur
Marcel Deiss - Grand Cru Schlossberg	France	Alsace et Lorraine	Alsace	blanc	2022	75 cl	2023-07-29	50	50	2	2	7	25	15			Primeurs Deiss 2022	En direct du producteur
Marcel Deiss - Grand Cru Schoenenbourg	France	Alsace et Lorraine	Alsace	blanc	2010	75 cl	2015-04-16	62	62	0	3	8	17	10			chez Deiss	En direct du producteur
Marcel Deiss - Grand Cru Schoenenbourg	France	Alsace et Lorraine	Alsace	blanc	2015	75 cl	2016-10-24	50	50	0	2	1	20	1		livraison probable début 2018 - déjà payé		Non défini
Marcel Deiss - Grand Cru Schoenenbourg	France	Alsace et Lorraine	Alsace	blanc	2018	75 cl	2019-08-02	49	49	6	6	1	5	1		primeurs Deiss millésime 2018	primeur domaine Deiss	En direct du producteur
Marcel Deiss - Grand Cru Schoenenbourg	France	Alsace et Lorraine	Alsace	blanc	2022	1,5 l	2023-07-29	108	108	1	1	8	25	8			Primeurs Deiss 2022, avec 8% de réduc 117 =&gt; 108	En direct du producteur
Marcel Deiss - Grand Cru Schoenenbourg	France	Alsace et Lorraine	Alsace	blanc	2017	75 cl	2019-11-08	48.5	48.5	4	6	5	20	10		Acheté en commande groupée avec Pierre Tatzber 	Primeurs Deiss 2017	En direct du producteur
Marcel Deiss - Grand Cru Schoenenbourg	France	Alsace et Lorraine	Alsace	blanc	2019	1,5 l	2020-07-25	103	103	1	1	1	20	1		Primeurs avec 8% fidélité 	primeur domaine Deiss	En direct du producteur
Marcel Deiss - Grand Cru Schoenenbourg	France	Alsace et Lorraine	Alsace	blanc	2020	75 cl	2021-07-25	45.37	45.37	2	2	1	5	1		prix normal 63, en primeur 49.33, en primeur avec réduction 45.37		Non défini
Marcel Deiss - Grand Cru Schoenenbourg	France	Alsace et Lorraine	Alsace	blanc	2021	75 cl	2022-07-17	66.2	66.2	6	6	5	25	15		Primeurs Deiss 2021 331 les 6 livraison automne 2024	Primeurs Deiss 2021	En direct du producteur
Marcel Deiss - Grand Cru Schoenenbourg	France	Alsace et Lorraine	Alsace	blanc	2019	75 cl	2022-11-15	49.5	63	3	3	1	25	1			Échange avec Pierre contre 3 altenberg	En direct du producteur
Marcel Deiss - Grand Cru Schoenenbourg	France	Alsace et Lorraine	Alsace	blanc	2022	75 cl	2023-07-29	53.2	53.2	3	3	5	25	15		57.80 - 8%	Primeurs Deiss 2022 - pack 12 GC	En direct du producteur
Marcel Deiss - Grasberg	France	Alsace et Lorraine	Alsace	blanc	2007	75 cl	2011-05-07	32	32	0	3	2	15	8			Bergheim	En direct du producteur
Marcel Deiss - Grasberg	France	Alsace et Lorraine	Alsace	blanc	2008	75 cl	2011-05-07	33	33	0	2	2	15	8			Bergheim	En direct du producteur
Marcel Deiss - Grasberg	France	Alsace et Lorraine	Alsace	blanc	2011	75 cl	2016-04-20	34	34	0	3	1	15	8	foie gras poêlé ou terrine, salade de langoustines ou homard et vinaigrette aux agrumes, cuieine asiatique à base de gingembre, canard à l'orange, crêpes suzette.	carafer 1h avant service.. servir à 10°.	chez Deiss, Bergheim	En direct du producteur
Marcel Deiss - Grasberg	France	Alsace et Lorraine	Alsace	blanc	2018	75 cl	2019-08-02	27	27	4	6	1	5	1		primeurs Deiss millésime 2018	primeur domaine Deiss	En direct du producteur
Marcel Deiss - Grasberg	France	Alsace et Lorraine	Alsace	blanc	2019	75 cl	2020-07-26	27	27	2	3	1	5	1		Primeur avec 8% (le prix indiqué ne contient pas la remiae)	primeur domaine Deiss	En direct du producteur
Marcel Deiss - Grasberg	France	Alsace et Lorraine	Alsace	blanc	2022	75 cl	2023-07-29	27	27	3	3	7	18	10			Primeurs Deiss 2022	En direct du producteur
Marcel Deiss - Gruenspiel	France	Alsace et Lorraine	Alsace	blanc	2008	75 cl	2014-05-07	30	30	0	2	1	12	1			Domaine Marcel Deiss	En direct du producteur
Marcel Deiss - Gruenspiel	France	Alsace et Lorraine	Alsace	blanc	2005	75 cl	2015-04-15	0	33	0	1	8	15	10			chez Deiss	En direct du producteur
Marcel Deiss - Gruenspiel	France	Alsace et Lorraine	Alsace	blanc	2010	75 cl	2016-04-20	30	30	0	3	1	15	8	Veau, belles volailles, tartare de boeuf, gibier à plume, poisson aux épices, fromage (comté, époisse, munster, mimolette affinée)	servir à 10°. généralement sec, serré, profond et tannique.  Arômes de chocolat, poire fumée et épices. velouté et complexe en milieu de bouche, persistant et explosif en finale.	chez Deiss, Bergheim	En direct du producteur
Marcel Deiss - Huebuhl de Bergheim	France	Alsace et Lorraine	Alsace	blanc	2002	75 cl	2009-04-11	22	22	0	1	2	15	10	A goûter comme un paysage, une plénitude et sans doute une nourriture?. Terrestre. Avec un foie gras mi cuit par exemple.. . (Jean-Michel DEISS)	En haut du petit col séparant Bergheim de Ribeauvillé, le Huebuhl (littéralement, le lieu précoce et humide), légère dépression doucement inclinée ver le sud, joignant le Gruenspiel à l?ouest et le Rotenberg à l?est, enveloppe d?amandes, de zestes, de gra		Non défini
Marcel Deiss - Huebuhl de Bergheim	France	Alsace et Lorraine	Alsace	blanc	2007	75 cl	2011-05-07	29	29	0	3	2	15	10			Bergheim	En direct du producteur
Marcel Deiss - Langenberg	France	Alsace et Lorraine	Alsace	blanc	2008	75 cl	2011-05-07	23	23	0	3	1	15	8			Bergheim	En direct du producteur
Marcel Deiss - Langenberg	France	Alsace et Lorraine	Alsace	blanc	2017	75 cl	2019-11-08	25	25	0	3	5	15	5		Primeurs Deiss 2017		En direct du producteur
Marcel Deiss - Langenberg	France	Alsace et Lorraine	Alsace	blanc	2019	75 cl	2020-07-26	27	27	3	3	1	12	1		Primeur avec 8% (le prix indiqué ne contient pas la remiae)	primeur domaine Deiss	En direct du producteur
Marcel Deiss - Langenberg	France	Alsace et Lorraine	Alsace	blanc	2020	75 cl	2021-07-25	24.66	24.66	3	3	3	12	10			primeurs Deiss 2020	En direct du producteur
Marcel Deiss - Langenberg	France	Alsace et Lorraine	Alsace	blanc	2022	75 cl	2023-07-29	25.5	25.5	3	3	5	15	8			Primeurs Deiss 2022	En direct du producteur
Marcel Deiss - le jeu des verts	France	Alsace et Lorraine	Alsace	orange	2021	75 cl	2023-02-19	0	33.5	2	3	1	15	1			Acheté après une dégustation au domaine	En direct du producteur
Marcel Deiss - Riquewihr	France	Alsace et Lorraine	Alsace	blanc	2020	75 cl	2023-02-19	24	24	0	3	1	5	1			Acheté après une dégustation au domaine	En direct du producteur
Marcel Deiss - Riquewihr	France	Alsace et Lorraine	Alsace	blanc	2023	75 cl	2025-09-25	26	26	3	3	1	5	1			1J1V	Achat sur Internet
Marcel Deiss - Rotenberg	France	Alsace et Lorraine	Alsace	blanc	2004	75 cl	2009-04-08	31	31	0	3	3	15	10	poissons nobles. Consommer assez jeunes et jusqu'à 10 à 15 ans.	Première dalle calcaire de la grande Oolithe, inclinée vers l?est, dressée comme une sentinelle face au sud et à la plaine, le ROTENBERG est le plus précoce des terroirs de Bergheim. Ses sols rouges, marqués par le fer, profondément calcaires et ce climat	Bergheim	En direct du producteur
Marcel Deiss - Rotenberg	France	Alsace et Lorraine	Alsace	blanc	2009	75 cl	2014-05-07	29	29	0	2	1	12	1			Domaine Marcel Deiss	En direct du producteur
Marcel Deiss - Rotenberg	France	Alsace et Lorraine	Alsace	blanc	2011	75 cl	2016-04-20	0	31	0	1	1	15	1	Produits de la mer (gambas, St Jacques), poissons nobles (pavé de bar grillé sauce à l'orange, rôti de lotte et sabayon à la mandarine, langoustes tièdes aux agrumes), foie gras frais ou poêlé, poulet (Tandori ou au gingembre), fromage de chèvre frais.	servir à 10°.. Vin fruité, séducteur, citronné et vibrant. Nez de mandarine charnue. Après aération : senteurs de terre fraîchement remuée, de fleur d'oranger et de framboise.	chez Deiss, Bergheim	En direct du producteur
Marcel Deiss - Schoffweg	France	Alsace et Lorraine	Alsace	blanc	2004	75 cl	2009-04-11	32	32	0	2	3	15	3	Tout poisson noble	Le « sentier des brebis » ? qui conduit au Grasberg est un terroir exceptionnel, une mince dalle calcaire de l?Aalénien, perchée au-dessus de la plaine, ultime prolongement du mamelon de l?Altenberg de Bergheim regardant l?est et dont le climat moyennemen	Bergheim	En direct du producteur
Marcel Deiss - Vendanges Tardives	France	Alsace et Lorraine	Alsace Pinot Gris	blanc moëlleux	2003	75 cl	2014-05-07	36	36	1	3	4	18	4			Domaine Marcel Deiss	En direct du producteur
Marcel Deiss - Vendanges Tardives	France	Alsace et Lorraine	Alsace Riesling	blanc moëlleux	2012	75 cl	2019-11-10	43	43	1	2	5	20	10	Vendange après déclaration préalable écrite à l?INAO, 8 jours avant la date prévue de récolte :. - Chaptalisation interdite. - Vendange manuelle obligatoire. - Indication du millésime et du cépage. - Contrôle des volumes	40 à 60 g de sucre résiduel. Vin élégant, aux fines notes de citron confit, d'amandes fraiches et de pêches blanches. Bouche suave et veloutée,. . 	Bergheim, au domaine	En direct du producteur
Marie Stuart	France	Champagne	Champagne	blanc effervescent	2005	75 cl	2006-11-24	12	12	0	1	2	10	0				Non défini
Marie Therèse Chappaz - assemblage blanc	Suisse	Valais	Fully	blanc	2021	75 cl	2022-11-20	42	42	2	6	1	5	1			Fully chez la vigneronne	En direct du producteur
Marie Therèse Chappaz - au fil des treilles	Suisse	Valais	Fully	blanc	2021	75 cl	2022-11-20	28	28	0	3	1	5	1			Fully chez la vigneronne	En direct du producteur
Marie Therèse Chappaz - Ermitage	Suisse	Valais	Fully	blanc	2021	75 cl	2022-11-20	65	65	1	1	1	15	1		à garder 10 ans avant d'ouvrir	Fully chez la vigneronne	En direct du producteur
Marie Therèse Chappaz - Fendant Coteaux de Plamont	Suisse	Valais	Valais	blanc	2021	75 cl	2022-05-28	26	26	1	1	1	5	1			Fully, en direct chez MT Chappaz	En direct du producteur
Marie-Thérèse Chappaz - Dôle de la Liaudisaz	Suisse	Valais	Fully	rouge	2021	75 cl	2022-05-28	26	26	1	3	1	5	1			en direct de MT Chappaz	En direct du producteur
Marie-Thérèse Chappaz - Grain Arvine - La Louye	Suisse	Valais	Fully	blanc	2020	75 cl	2022-05-28	42	42	0	1	1	5	1			En direct de MT Chappaz	En direct du producteur
Marie-Thérèse Chappaz - Grain Noble Petite Arvine et Marsanne Blanche	Suisse	Valais	Fully	blanc liquoreux	2005	75 cl	2009-10-07	47	47	0	1	1	25	0		Lavinia Genève.		Non défini
Marie-Thérèse Chappaz - Grain Pinot Les Dahrres	Suisse	Valais	Fully	rouge	2021	75 cl	2022-05-28	38	38	2	3	1	5	1			en direct de MT Chappaz	En direct du producteur
Martinelle	France	Vallée du Rhône	Côtes du Ventoux ou Ventoux	rouge	2008	75 cl	2009-12-15	0	0	0	1	1	5	1		un nez frais, riche de baies sauvages et d'abricotiers en fleur caractérisent le nez.; la bouche est un festival de fruits noirs, de mures et de prune, enveloppés dans des tannins accrocheurs.		Cadeau
Mas de Daumas Gassac	France	Languedoc-Roussillon	Vin de Pays de l'Hérault	rouge	2000	75 cl	2015-02-16	0	0	0	1	1	20	15			offert par Pierre Tatzber	Cadeau
Mas de Daumas Gassac	France	Languedoc-Roussillon	Vin de Pays de l'Hérault	rouge	2013	75 cl	2015-06-12	30	30	0	3	7	15	10			par Yann Cena	Achat sur Internet
Mas de Daumas Gassac	France	Languedoc-Roussillon	Vin de Pays de l'Hérault	blanc	2014	75 cl	2015-11-22	19	19	0	3	1	15	1		primeurs réglé 168.45 Euros 3 blancs et 6 rouges, livrés	primeurs avec Pierre Tatzber	En direct du producteur
Mas de Daumas Gassac	France	Languedoc-Roussillon	Vin de Pays de l'Hérault	rouge	2014	75 cl	2015-11-22	19	19	0	6	8	20	10		primeurs réglé 168.45 Euros 3 blancs et 6 rouges, livrés	commandé au domaine en primeur	En direct du producteur
Mas de Daumas Gassac	France	Languedoc-Roussillon	Vin de Pays de l'Hérault	rouge	2015	75 cl	2016-10-24	19.5	22	3	12	1	15	10		via Pierre Tatzber - payé	Achats en primeur	En direct du producteur
Mas de Daumas Gassac	France	Languedoc-Roussillon	Vin de Pays de l'Hérault	rouge	2016	1,5 l	2018-08-11	46	46	3	3	3	10	3			en primeur par Pierre	En direct du producteur
Mas de Daumas Gassac	France	Languedoc-Roussillon	Vin de Pays de l'Hérault	rouge	2016	75 cl	2018-08-11	22	22	6	6	1	10	1			en primeur par Pierre	En direct du producteur
Mas de Daumas Gassac	France	Languedoc-Roussillon	Vin de Pays de l'Hérault	blanc	2018	75 cl	2019-03-02	23.43	23.43	0	3	1	2	1			primeurs Avec Pierre Tatzber	En direct du producteur
Mas de Daumas Gassac	France	Languedoc-Roussillon	Vin de Pays de l'Hérault	rouge	2017	75 cl	2019-03-02	23.43	23.43	2	3	1	15	1			primeurs Avec Pierre Tatzber	En direct du producteur
Mas de Daumas Gassac	France	Languedoc-Roussillon	Vin de Pays de l'Hérault	blanc	2017	75 cl	2022-11-18	0	0	4	4	1	10	1			Racheté à Pierre avant son déménagement 	En direct du producteur
Mas de Daumas Gassac	France	Languedoc-Roussillon	Vin de Pays de l'Hérault	blanc	2019	75 cl	2022-11-18	0	0	1	2	1	2	1			Racheté à Pierre avant son déménagement 	En direct du producteur
Mas de la Seranne - Les Griottiers	France	Languedoc-Roussillon	Côteaux du Languedoc	rouge	2022	75 cl	2025-10-30	0	0	1	1	2	5	2			Offert par les Guibé	Cadeau
Mas des Flauzières	France	Vallée du Rhône	Gigondas	rouge	2004	75 cl	2016-08-21	0	0	0	1	4	10	4		à boire rapidement	Offert par Laurent et Dominique	Non défini
Maurice et Anne-Marie Chapuis	France	Bourgogne	Corton-Charlemagne	blanc	2017	75 cl	2021-10-30	99	99	0	3	4	7	4	Attendre 2024 2025 pour qu'il s'affiine	Homard, poisson noble sauce citronnée etc.	Caveau Aloxe Corton	Caviste
Mercier - Brut	France	Champagne	Champagne	blanc effervescent	-0	75 cl	2009-10-18	19.46	19.46	0	2	2	10	0		Carrefour Market		Non défini
Merlot Sedlàk Výb?r z Hrozn?	République Tchèque	Moravie	Moravie	rouge	2022	75 cl	2025-08-16	0	0	1	1	1	5	1			Offert par Michal et Lucie, août 2025	Cadeau
Mestre Père et Fils	France	Bourgogne	Santenay	rouge	2011	75 cl	2014-03-14	13	13	0	3	3	7	3		en apéro, vif, pas trop marquant, ou avec des plats simples et pas trop marqués	Santenay	En direct du producteur
Mestre Père et Fils - 1er cru Clos Faubard	France	Bourgogne	Santenay	rouge	2009	75 cl	2014-03-14	23	23	0	3	6	10	6		plus un vin pour du gibier. N'évoluera plus (positivement) après 2015	Santenay	En direct du producteur
Mestre Père et Fils - 1er Cru Gravières	France	Bourgogne	Santenay	rouge	2009	75 cl	2014-03-14	23	23	0	3	4	8	5		n'évoluera plus positivement ou presque. Déjà à maturité en 2014	Santenay	Non défini
Mestre Père et Fils - Chassagne-Montrachet	France	Bourgogne	Chassagne-Montrachet	blanc	2012	75 cl	2014-03-14	25	25	0	3	4	12	6			Santenay	Enchères en ligne
Mestre Père et Fils - Chassagne-Montrachet	France	Bourgogne	Chassagne-Montrachet	blanc	2004	75 cl	2014-03-14	25	25	0	3	4	12	6			Santenay	Enchères en ligne
Mestre Père et Fils - Tonton Marcel 1er cru Monopole	France	Bourgogne	Chassagne-Montrachet	blanc	1997	75 cl	2014-03-14	50	50	0	1	3	18	15		pour les 18 ans de Rémi !	Santenay	En direct du producteur
Mestre Père et Fils - Tonton Marcel 1er cru Monopole	France	Bourgogne	Chassagne-Montrachet	blanc	2010	75 cl	2014-03-14	39	39	0	2	10	18	10		attendre au moins les 10 ans	Santenay	En direct du producteur
Mestre Père et Fils - Tonton Marcel 1er cru Monopole	France	Bourgogne	Chassagne-Montrachet	blanc	2014	75 cl	2019-03-02	30	30	0	1	3	8	3			renvoyé en remplacement du 2010 ouvert dans le frigo/cave	Non défini
Michel Chapoutier	France	Vallée du Rhône	Saint Joseph	blanc	2007	75 cl	2010-09-12	13.35	13.35	0	3	1	5	1			FAV Auchan 2010	Grande surface
Michel Chapoutier - De l'Orée	France	Vallée du Rhône	Hermitage	blanc	2015	75 cl	2019-04-07	0	280	1	1	4	25	15		à boire plutôt entre 10 et 15 ans	offert par Nicolas et Alex pour mes 50 ans	Cadeau
Michel Chapoutier - Les Granilites	France	Vallée du Rhône	Saint Joseph	rouge	2018	75 cl	2020-12-25	0	0	1	1	3	8	5			offert par Nina; Noël 2020	Non défini
Michel Sarrazin et Fils - Sous la Roche	France	Bourgogne	Givry	rouge	2006	75 cl	2009-05-24	0	0	0	1	3	8	0		Offert par Sam et Manu		Non défini
Monin - Brut de rouge	France	Savoie, Dauphiné et Bugey	Vin du Bugey	rouge effervescent	-0	75 cl	2008-05-11	6.5	6.5	0	3	2	5	0	servir frais avec une tarte aux fruits	très particulier dû au cépage Mondeuse peu habituel dans ce type de vin.		Non défini
Monin - Chardonnay Serrane	France	Savoie, Dauphiné et Bugey	Vin du Bugey	blanc	2006	75 cl	2008-05-11	4.3	4.7	0	6	2	4	0	Il s'associe volontiers aux carpes des Dombes, fruits de mer, poissons en sauce, cuisses de grenouilles, poulets de Bresse à la crème, etc.	Vin frais, équilibré, rond et parfumé, le Chardonnay est à boire jeune pour en apprécier tout le fruité. 		Non défini
Monin - Mondeuse Griots	France	Savoie, Dauphiné et Bugey	Vin du Bugey	rouge	2005	75 cl	2008-05-11	5.4	5.4	0	5	3	12	0	Idéale pour accompagner les gibiers et les fromages de caractère, elle convient aussi pour les viandes rouges cuisinées, les cèpes, etc.	Elle donne un vin rouge solide, tannique, apte au vieillissement, et étonnamment fruité. D'un rouge profond aux reflets violacés, ses arômes sont ceux de petits fruits des bois mais évoluent aussi sur des notes plus complexes.		Non défini
Monin - Pinot rosé	France	Savoie, Dauphiné et Bugey	Vin du Bugey	rosé	2007	75 cl	2008-05-11	4.2	4.2	0	4	1	2	0	Il s'associe avec bonheur aux fritures et aux viandes blanches, mais saura aussi se montrer agréable avec les crudités, salades, barbecue, etc.	De par son cépage, le Pinot donne un rosé plus corsé que le Gamay, mais aussi plus fin, aux arômes subtils.		Non défini
Monin - Roséphine	France	Savoie, Dauphiné et Bugey	Vin du Bugey	rosé effervescent	2006	75 cl	2008-05-11	6.5	6.5	0	3	2	5	0	servir en apéritif ou avec un dessert	Faiblement alcoolisé (8,5°), servir très frais (6°).		Non défini
Morasinsi - Macerato	Italie	Pouilles	Puglia	orange	2019	75 cl	2021-07-18	0	14.5	0	1	1	5	1			Par Michel Giannelli	Cadeau
Moulin du Taurou	France	Languedoc-Roussillon	Saint Chinian	rouge	2007	75 cl	2008-10-06	4.95	4.95	0	3	3	7	0		FAV Champion		Non défini
Muhlberger, Gewurztraminer Vendange Tardive	France	Alsace et Lorraine	Alsace Gewurztraminer	blanc liquoreux	2001	75 cl	2003-09-10	0	0	0	1	2	10	0				Non défini
Mumm - RSRV Cuvée 4.5	France	Champagne	Champagne Grand Cru	blanc effervescent	2014	75 cl	2021-12-18	49	49	0	3	2	10	2		prix port inclus	Vente à la propriété	Achat sur Internet
Mumm - RSRV Cuvée 4.5	France	Champagne	Champagne Grand Cru	blanc effervescent	-0	75 cl	2023-08-17	40	40	2	3	2	10	2			Vàlap	Achat sur Internet
Mumm - RSRV Cuvée blanc de blanc	France	Champagne	Champagne Grand Cru	blanc effervescent	2015	75 cl	2023-08-17	50	50	1	6	2	10	2			Vàlap	Achat sur Internet
Mundelsheim	Allemagne	Württemberg	Württemberg	rouge	2009	75 cl	2011-02-08	0	0	0	1	1	5	1	avec des grillades, un peu comme un rosé	Offert par Eric	Cadeau Eric	Cadeau
Neronet Exclusive	République Tchèque	Moravie	Moravie	rouge	2006	75 cl	2011-01-21	6	6	0	1	1	5	1		petit producteur - viande, fromage	Prague	Caviste
Neronet Exclusive	République Tchèque	Moravie	Moravie	rouge	2007	75 cl	2011-02-27	0	0	0	1	1	5	1		Offert Par Tomas	Tomas	Cadeau
Nicolas Joly - Clos de la Coulée de Serrant	France	Vallée de la Loire	Savennières	blanc	2016	75 cl	2018-11-19	65	65	2	3	10	15	10			1jour1vin	Achat sur Internet
Nicolas Joly - Les Vieux Clos	France	Vallée de la Loire	Savennières	blanc	2016	75 cl	2018-11-19	29.9	29.9	2	3	4	15	4			1jour1vin	Achat sur Internet
Noster	Espagne	Catalogne	Priorato	rouge	2007	75 cl	2011-09-24	7.95	7.95	0	3	1	5	1				Non défini
Nuiton Beaunoy - Marsannay	France	Bourgogne	Marsannay	rouge	2022	75 cl	2024-09-27	25.1	25.1	2	3	3	10	3			Nuiton Beaunois, Beaune	En direct du producteur
Nuiton-Beaunoy Monthélie 1er cru	France	Bourgogne	Monthélie	rouge	2022	75 cl	2024-09-27	27.05	27.05	3	3	3	15	3			Nuiton-Beaunoy Beaune	En direct du producteur
Nuits Saint Georges 1er Cru - Marcel Heritage	France	Bourgogne	Nuits Saint Georges	rouge	2022	75 cl	2024-09-27	60	60	3	3	4	20	4			Domaine Armelle et Bernard Rion	En direct du producteur
Nuits Saint Georges 1er Cru - Marcel Heritage	France	Bourgogne	Nuits Saint Georges	rouge	2021	75 cl	2024-09-27	60	60	3	3	4	20	4			Domaine Armelle et Bernard Rion	En direct du producteur
Olivier Leflaive	France	Bourgogne	Volnay	rouge	2011	75 cl	2015-11-01	28	28	0	6	3	10	3	Les Volnay sont des vins féminins. Evoluants sur une palette aromatique allant des fruits rouges à violette, leur rondeur les rend très séduisants, que les tanins soient onctueux ou plus durs. C'est un vin racé, élégant et grand représentant de la Côte de Beaune.. Idéal avec les volailles rôties ou laquées, les gibiers à plumes, rôtis ou en civet, le couscous ou le tajine à la viande et à la volaille, les fromages aux saveurs affirmées.. 17-19°C	Ensemble d'achats de raisins dans des lieux-dits différents et complémentaires (Echards, Grands Champs, Poisots, Famines), assemblés directement dans les cuves de vinification.. La terre de Volnay est plus légère et caillouteuse que celle de son voisin &quot;Pommard&quot; et produit des vins élégants et fruités.	Chez Olivier Leflaive, Puligny	En direct du producteur
Olivier Leflaive	France	Bourgogne	Saint Aubin	blanc	2011	75 cl	2015-11-01	22	22	0	3	2	5	4	Idéal avec les poissons à texture ferme et les crustacés vapeur ou grillés, un filet de volaille à la chair serrée.. . Ensemble de parcelles installées sur des pentes douces où le calcaire affleure très souvent, seul la vigne peut y prospérer. Nous assemblons dans ce vin des lieux dits comme Les Pucelles, Vermarain, Jorcul, Le Banc. Style de vin un peu ferme dans sa jeunesse.	Silex, fleur d'oranger, puis avec l'âge arômes de cannelle et pâte d'amande. Un vin complexe et racé.	Chez Olivier Leflaive, Puligny	En direct du producteur
Olivier Leflaive - 1er Cru Champ Gain	France	Bourgogne	Puligny-Montrachet	blanc	2010	75 cl	2015-11-01	53	53	0	3	3	12	8	Idéal avec le saumon frais, les écrevisses à la crème, les coquilles Saint Jacques aux cèpes.. 12-14°C	Un classique de la maison: nez sur les épices, pêche blanche, toast beurré. La bouche est de belle matière offrant un grain fin et de belle longueur.	Chez Olivier Leflaive, Puligny	En direct du producteur
Olivier Leflaive - 1er Cru Les Referts	France	Bourgogne	Puligny-Montrachet	blanc	2010	75 cl	2015-11-01	54	54	0	3	3	12	8			Chez Olivier Leflaive, Puligny	En direct du producteur
Olivier Leflaive - Les Tillets	France	Bourgogne	Meursault	blanc	2011	75 cl	2015-11-01	36	36	0	3	3	8	7	Idéal avec les poissons grillés (sole meunière) ou en sauce, les viandes blanches grillées ou en sauce, les gratins, les légumes verts et le fromage de chèvre.Foies gras,homard, langoute grillés, poissons grillés poelés, poissons sauce crémée, volailles	Arôme puissant de citron. Bonne attaque en bouche. Lumineux et vibrant. Vin minéral, aux arômes d'agrume avec une belle et longue finale.	Chez Olivier Leflaive, Puligny	En direct du producteur
Pata Negra - Gran Reserva	Espagne	Castille La Manche	Valdepeñas	rouge	2005	75 cl	2014-08-19	0	0	0	1	5	15	5			offert par Vincent Ribeaud	Cadeau
Patrick Richard Brut	France	Champagne	Champagne	blanc effervescent	2010	75 cl	2011-11-12	12.5	12.5	0	2	1	5	1		par C et JC	Fontaine sur Bar	En direct du producteur
Paul Jaboulet Aîné - La Petite Chapelle	France	Vallée du Rhône	Hermitage	rouge	2014	75 cl	2019-06-02	0	41	0	1	4	20	4			Offert par Gibbs	Cadeau
Paul Jaboulet Aîné - La Petite Chapelle	France	Vallée du Rhône	Hermitage	rouge	2012	75 cl	2019-10-30	43	43	0	3	4	20	4			Vivino	Achat sur Internet
Paul-Marcel Valloton - Fendant	Suisse	Valais	Bovernier	blanc	2016	75 cl	2018-08-16	0	0	0	1	1	5	1			Offert par Eric	Cadeau
Paul-Marcel Valloton - pinot noir	Suisse	Valais	Bovernier	rouge	2014	75 cl	2018-08-16	0	0	1	1	1	5	1			Offert par Eric 	Cadeau
Peter Lehmann - Mudflat Shiraz	Australie	Australie Méridionale	Barossa Valley	rouge	2003	75 cl	2009-03-26	0	19	0	1	3	8	0	Aged cheddar. Pink lamb chops. Rib roast of beef. Roast lamb rack. Osso bucco. Braised oxtail	Assemblage original de la Syrah avec un cépage blanc, la Muscadelle. Les raisins sont pressés ensemble et le tout est vinifié comme un rouge standard. . Va très bien avec les grillades.		Non défini
Petit Haut Lafitte	France	Bordeaux	Pessac-Léognan	blanc	2023	75 cl	2024-06-21	39	39	6	6	2	12	2			Primeurs 2023 ventealapropriete	Achat sur Internet
Philippe Gonet - Blanc de blancs Signature	France	Champagne	Champagne	blanc effervescent	-0	75 cl	2013-01-21	24	24	0	1	2	4	2		à boire avant 2017	idealwine	Achat sur Internet
Philipponnat - Grand Blanc	France	Champagne	Champagne	blanc effervescent	-0	75 cl	2023-01-26	55.5	55.5	0	2	2	10	2			le clos privé.com	Achat sur Internet
Philipponnat - Royale Réserve - Non Dosée	France	Champagne	Champagne	blanc effervescent	-0	75 cl	2023-01-26	38	38	0	2	2	10	2			le clos privé.com	Achat sur Internet
Philipponnat - Royale Réserve Brut	France	Champagne	Champagne	blanc effervescent	-0	75 cl	2023-01-26	37.5	37.5	0	2	2	10	2			le clos privé.com	Achat sur Internet
Pierre Boniface - Sublimation Fleur d'Ancolie	France	Savoie, Dauphiné et Bugey	Vin de Savoie Chignin-Bergeron	blanc	2006	75 cl	2007-09-13	7.95	7.95	0	2	1	10	0				Non défini
Pierre Chanau	France	Vallée du Rhône	Châteauneuf du Pape	rouge	2004	75 cl	2007-02-15	9.75	9.75	0	3	3	10	0		Acheté à Auchan à la foire aux vins		Non défini
Piétri-Géraud - Cuvée Joseph Géraud	France	Languedoc-Roussillon	Banyuls	vin doux naturel	1999	75 cl	2008-10-30	13	13	0	2	7	20	0	Chocolat !!!	Vignerons indépendants Lyon		Non défini
Plaisir solidaire	France	Autre région	Vin de Table - Vin de France	rouge	2022	1,5 l	2025-05-11	0	0	1	1	1	10	1			Offert par le domaine Pibarnon	Cadeau
Ponte Lungo - Curioso	Italie	Toscane	Toscane	rouge	2015	75 cl	2017-11-07	9.7	9.7	0	6	1	10	5		apparemment très bien noté (98/100 par Luca Maroni), à vérifier vu le prix ça se tente...	Vivino	Achat sur Internet
Pouleau Ponavoy	France	Bourgogne	Bourgogne Grand Ordinaire	rosé	2005	75 cl	2007-04-04	4	4	0	6	1	2	0				Non défini
Pouleau Ponavoy - 1er cru les Perrières	France	Bourgogne	Saint Aubin	rouge	2004	75 cl	2007-04-04	9	9	0	9	4	8	0				Non défini
Pouleau Ponavoy Vieilles vignes	France	Bourgogne	Bourgogne Hautes Côtes de Beaune	rouge	2004	75 cl	2007-04-04	6	6	0	6	3	10	0		buvable dès 2007 et jusqu'à 2010		Non défini
Prieuré Saint Jean de Bébian	France	Languedoc-Roussillon	Côteaux du Languedoc	rouge	2000	75 cl	2008-08-02	20	20	0	2	2	12	0		sur wine and co, par Franck		Non défini
Producteurs Plaimont, Saint Albert	France	Sud-Ouest	Pacherenc du Vic Bilh	blanc moëlleux	2010	75 cl	2012-01-01	0	10	0	1	5	12	5		Acheté chez Nicolas	Cadeau de noël 2011 parents	Cadeau
Quintessence de Mangot	France	Bordeaux	Saint Emilion Grand Cru	rouge	2010	75 cl	2018-01-05	36	36	1	3	4	25	4		déjà buvable mais peut attendre	par Franck	En direct du producteur
Racines Bentrock Vineyard Blanc	Etats-Unis	Californie	Santa Rita Hills	blanc	2020	75 cl	2025-04-13	0	0	0	1	1	18	12	Servez-le à une température de 11°C dans de beaux verres à Bourgogne blanc, un carafage énergique en jeunesse de 30/45 minutes lui permettra de développer tout son potentiel.. Ceviche de dorade, jus de citron vert, graines de sésame.. . 	Un vin saisissant qui capture parfaitement l'essence de ce terroir accidenté à flanc de coteau à l'ouest de l'appellation sur le Santa Rosa Corridor.	Offert par Michel Giannelli	Cadeau
Rapitala - I Templi - Nero d'Avola	Italie	Sicile	Sicile	rouge	2018	75 cl	2021-02-13	0	0	0	1	1	5	1			Offert par serge	Cadeau
Re Manfredi	Italie	Basilicat	Aglianico del Vulture	rouge	2016	75 cl	2020-07-01	0	0	0	1	1	5	1			offert par Michel Giannelli	Cadeau
Red Diamond - Cabernet	Etats-Unis	Côte Est	Hudson River Region	rouge	2006	75 cl	2009-07-06	6	6	0	3	1	7	0		par Yves Ruaux, en Suisse, Mövenpick.		Non défini
Red Diamond - Shiraz	Etats-Unis	Côte Est	Hudson River Region	rouge	2004	75 cl	2009-07-06	6	6	0	2	1	7	0	BBQ !	Par Yves Ruaux. Acheté en Suisse, Mövenpick.		Non défini
Reichsgraf von Kesselstatt - Wiltinger Riesling trocken	Allemagne	Mosel-Saar-Ruwar	Mosel-Saar-Ruwar	blanc	2009	75 cl	2012-01-19	10.9	10.9	0	1	1	5	1			Cave privée	Achat sur Internet
Renoud-Grappin	France	Bourgogne	Saint Véran	blanc	2013	75 cl	2015-04-26	7.5	7.5	0	6	2	7	2			Foire aux vins de Cruseilles	Salon de vignerons
Rigal - L'instant truffier	France	Sud-Ouest	Vin de Pays du Comté Tolosan	rouge	2015	75 cl	2016-09-18	3.3	3.3	0	3	1	5	1		FAV Auchan 2016	Auchan	Grande surface
Rivera - Preludio No.1	Italie	Pouilles	Castel del Monte	blanc	2021	75 cl	2025-04-13	0	0	1	1	1	5	3			Offert par Michel Giannelli	Cadeau
Robert Gilliard - Cornalin	Suisse	Valais	Valais	rouge	2015	75 cl	2018-12-08	25	25	1	1	1	10	7			Offert par Nicolas et Alex Métais	Cadeau
Robert Plageoles - Vin de Voile	France	Sud-Ouest	Gaillac	blanc	1996	75 cl	2009-12-30	40	40	0	1	1	25	1			Lavinia Genève	Caviste
Rousseau frères	France	Vallée de la Loire	Touraine-Noble Joué	rosé	2009	75 cl	2010-04-20	4.5	4.5	0	3	1	5	1		Par Christian		En direct du producteur
Rulandské Sedé - Bilé - Polosladké	République Tchèque	Moravie	Moravie	blanc moëlleux	2007	75 cl	2010-09-22	0	20	0	1	1	5	1			offert par Michal	Cadeau
Saint Jean du Barroux L'Argile	France	Vallée du Rhône	Côtes du Ventoux ou Ventoux	rouge	2015	75 cl	2018-06-10	0	16	0	1	2	8	4		offert par Ph Gimel	dans le jardin Merloz	Salon de vignerons
Saint Jean du Barroux La Source	France	Vallée du Rhône	Côtes du Ventoux ou Ventoux	rouge	2015	75 cl	2018-06-10	10	10	2	3	2	5	2		Acheté en direct du producteur	dans le jardin Merloz	Salon de vignerons
Saint Jean du Barroux, La Pierre Noire	France	Vallée du Rhône	Côtes du Ventoux ou Ventoux	rouge	2014	75 cl	2018-06-10	25	25	1	3	6	15	7		la grande cuvée du domaine a la capacité de vieillir en développant d'autres arômes et en intégrant les tannins. A suivre sur 3 bouteilles espacées de 2 ans ?	dans le jardin Merloz	Salon de vignerons
Sainte Radegonde - Satin Chardonnay	France	Vallée de la Loire	Vin de Pays de la Loire	blanc moëlleux	-0	75 cl	2009-10-03	5.95	5.95	0	1	1	5	0	servir frappé (8°)	Carrefour Market FAV 10-2009		Non défini
San Gavino - Carta Nera	France	Provence-Corse	Vin de Pays de l'Ile de Beauté	rouge	2022	1,5 l	2024-03-03	40	40	0	1	1	7	4	charcuterie, apéritif, viande rouge ou gibier	Millésime non indiqué sur la bouteille	FAV Cruseilles 2024	En direct du producteur
Sandrine Bigot - méthode ancestrale	France	Savoie, Dauphiné et Bugey	Cerdon	rosé effervescent	-0	75 cl	2018-04-22	7	7	3	6	1	5	1			Foire aux vins de Cruseilles 2018	En direct du producteur
Sarget de Gruaud Larose	France	Bordeaux	Saint Julien	rouge	1999	75 cl	2015-09-19	26	26	0	1	4	25	4			FAV carrefour market 2015	Grande surface
Schlegel Boeglin	France	Alsace et Lorraine	Alsace Gewurztraminer	blanc	2005	75 cl	2009-02-14	8	8	0	1	2	10	0	sur poulet sauté au curry.	La Java des Flacons, Annecy Le Vieux		Non défini
Schlegel Boeglin - Grand Cru Zinnkoepfle Vendanges Tardives	France	Alsace et Lorraine	Alsace Gewurztraminer	blanc moëlleux	2005	75 cl	2009-02-14	0	0	1	1	10	40	0	à garder le + longtemps possible !	Saint Valentin 2009 de la part de Nath :-)		Non défini
Schloss Lieser - Niederberg Helden - Auslese	Allemagne	Mosel-Saar-Ruwar	Mosel-Saar-Ruwar	blanc moëlleux	1997	75 cl	2012-11-11	0	14	0	1	1	20	1			offert par Marcel	Cadeau
Seilly - Schenkenberg Vieilles Vignes	France	Alsace et Lorraine	Alsace Gewurztraminer	blanc	2002	75 cl	2008-10-31	11	11	0	3	3	10	0	Vin de référence à boire tel quel, vin de partage, convivial, avec mousse de bécasse ou de gibier, foie gras, fromage munster, bleu, roquefort.	Profond et intense jaune paille, disque et jambage épais, brillance parfaite. Bouquet de rêve, aromatique, parfumé avec une exubérance orientale où se fondent les charmes des épices, la fleur d?oranger, la guimauve, une palette à l?infini de roses, de mie		Non défini
Seilly - Vin du pistolet	France	Alsace et Lorraine	Alsace	blanc	2006	75 cl	2008-10-30	8.5	8.5	0	3	2	10	0	Servir frais à  8°C  en apéritif, avec crustacées, poissons à la nage ou marinés, asperges ou pour la soif.	Couleur jaune pale avec un disque transparent. Bouquet très ouvert, aromatique, très caractéristique du Vin du Pistolet. Piquant et vivace, le nez laisse apparaître des fruits blancs bien mûrs et une finale légèrement citronné. Il emplit la bouche, toujou		Non défini
Selection Excelsus 50 / 50	Suisse	Valais	Chamoson	blanc	2000	75 cl	2008-08-22	12	12	0	1	5	10	0		Goûté et acheté chez Lavinia Genève.. boire frais, assemblage valaisan très agréable.		Non défini
Simon Maye - Syrah Vieille Vigne	Suisse	Valais	Chamoson	rouge	2015	75 cl	2017-11-01	69	69	0	2	5	12	7			Lavinia Genève	Non défini
Simon Maye et Fils - Païen	Suisse	Valais	Chamoson	blanc	2012	75 cl	2015-09-11	36	36	0	1	1	5	1			Lavinia Genève	Caviste
Simonsvlei legends Simonsblanc	Afrique du Sud	Western Cape	Autre appellation	blanc	2007	75 cl	2008-11-21	6	6	0	3	1	2	0	Salades, poissons grillés ou rotis, sandwich...	Foire gastronomique Saint Jean de Maurienne		Non défini
Simonsvlei legends Simonsblanc	Afrique du Sud	Western Cape	Autre appellation	blanc	-0	75 cl	2011-04-03	0	0	0	1	1	5	1			remis en cave	Salon de vignerons
?krobák - Ryzlink Vla?sky	République Tchèque	Moravie	Moravie	blanc	2006	75 cl	2010-10-23	10	10	0	1	1	5	1			caviste familial Prague (wine bar)	Caviste
?krobák - Ryzlink Vla?sky	République Tchèque	Moravie	Moravie	blanc	2007	75 cl	2012-01-22	0	10	0	1	1	7	5		Offert par Tomas et Lucie	Offert par Tomas et Lucie	Cadeau
Sophie et Joël Fritsch - Grand Cru Schoenenbourg	France	Alsace et Lorraine	Alsace Riesling	blanc	2019	75 cl	2021-09-28	13.5	13.5	0	5	2	10	2		commande conjointe avec PIerre et Michel	Ricquewihr	En direct du producteur
Sophie et Joël Fritsch - Grand Cru Sporen	France	Alsace et Lorraine	Alsace Gewurztraminer	blanc	2019	75 cl	2021-10-10	15.5	15.5	1	3	1	8	1		commande conjointe avec Pierre et Michel	Ricquewihr	En direct du producteur
Sophie et Joël Fritsch - Riesling	France	Alsace et Lorraine	Alsace Riesling	blanc	2019	75 cl	2021-10-10	7.5	7.5	0	2	2	5	2			Ricquewihr	En direct du producteur
Tardieu-Laurent - Les Lauzières	France	Vallée du Rhône	Saint Joseph	rouge	2007	75 cl	2009-09-15	15.95	15.95	0	3	1	10	0		FAV Auchan 09-2009		Non défini
Tardieu-Laurent - Les Ramades - Vieilles Vignes	France	Vallée du Rhône	Crozes-Hermitage	rouge	2007	75 cl	2009-09-15	12.95	12.95	0	2	1	5	0		FAV Auchan 09-2009		Non défini
Tassin - Brut - Blanc de Blancs	France	Champagne	Champagne	blanc effervescent	-0	75 cl	2011-02-20	0	0	0	1	1	5	1			Alain et Paula	Cadeau
Taylor Fladgate - Tawny 40 ans	Portugal	Duriense-Douro-Porto	Porto	vin rouge muté	-0	37,5 cl	2008-06-30	27	27	0	1	10	25	0	servir en vin de dessert comme le veut la tradition, ou à boire en fin de repas.	Finement équilibré, ce magnifique porto est un chef d??uvre de richesse et de complexité. Grâce à ses dix années supplémentaires passées sous bois, il révèle un équilibre rare avec de riches arômes fruités de raisin et une finale miellée de fruits secs. U		Non défini
Templarske - Chardonnay	République Tchèque	Moravie	Moravie	blanc	2009	75 cl	2011-09-04	0	6	0	1	1	5	1			Pargue - Offert par Alex	Cadeau
Tenimenti Angelini	Italie	Toscane	Brunello di Montalcino	rouge	2001	75 cl	2008-02-29	16	16	0	1	5	10	0		COOP à -20 %		Non défini
Terre del Barolo Le Terre 	Italie	Piemont	Barolo	rouge	2005	75 cl	2010-06-02	12	12	0	1	1	10	1			Carrefour Market Cruseilles	Grande surface
Tonnelle	France	Sud-Ouest	Vin de Pays des Côtes de Gascogne	blanc	-0	75 cl	2009-10-03	3.9	3.9	0	2	1	5	0		FAV Carrefour Market 10-2009		Non défini
Tramín ?ervený výb?r z hrozn? polosladké	République Tchèque	Moravie	Moravie	blanc moëlleux	2011	75 cl	2013-07-12	0	10	0	1	1	5	1		Un des préférés de Michal, lui dire ce qu'on en pense	offert par Michal	Cadeau
Tresy Père et Fils	France	Jura	Château-Châlon	vin jaune	1980	75 cl	2025-01-19	0	0	1	1	5	30	5		Millesime inconnu.probablement vacances dans le Jura quand j'étais gamin.	Cave papa	Cadeau
Treuffet Père et Fils - carte blanche brut	France	Champagne	Champagne	blanc effervescent	-0	75 cl	2013-12-23	12.9	12.9	0	6	2	10	2			Par Lionel	En direct du producteur
Trimbach	France	Alsace et Lorraine	Alsace Gewurztraminer	blanc	2013	75 cl	2015-02-14	13.7	13.7	0	3	1	5	1		un jour un vin	par Yann Cena	Achat sur Internet
Union des Producteurs d'Orgnac Aven	France	Vallée du Rhône	Côtes du Vivarais	blanc	2022	75 cl	2023-09-30	8.4	8.4	2	4	2	5	2			acheté à Neovinum, Ruoms	Caviste
Valentina Andrei - Arvine Combe de Noutse	Suisse	Valais	Valais	blanc	2015	75 cl	2017-01-29	45	45	0	1	1	7	1			Lavinia Genève	Caviste
Van Volxem - Rotschiefer Riesling Kabinett	Allemagne	Mosel-Saar-Ruwar	Mosel-Saar-Ruwar	blanc	2008	75 cl	2011-10-12	19	19	0	1	1	10	1			Lavinia Genève	Caviste
Vega Sicilia - Tinto Valbuena 5°	Espagne	Castille-Leon	Ribera del Duero	rouge	2007	75 cl	2016-04-20	96.4	96.4	0	3	10	20	15	Ce vin s?accommode très bien avec des plats de légumes, de la volaille ou des viandes rôties (agneau, b?uf), des ragoûts, mais aussi du foie gras, de la charcuterie et du jambon 100% Ibérico de Bellota.	On y retrouve les traits caractéristiques de le maison Vega Sicilia : une couleur cerise avec un liseré orangé, l?expression de son degré d?alcool, la trace de sa parfaite évolution oxydative due à son vieillissement en fût de chêne. Un vin rouge pour qui le temps est nécessaire afin de gagner en complexité.. Au nez sont présents des parfums de fruits rouges bien mûrs et de fruits compotés. Il se détache ainsi le souvenir de la variété des cépages présents. En bouche il est rond, équilibré, frais et doux en tanin, tout à la fois vineux et fruité.. 	Vinissimus	Achat sur Internet
Vega Sicilia - Tinto Valbuena 5°	Espagne	Castille-Leon	Ribera del Duero	rouge	2013	75 cl	2019-12-19	119	119	1	3	5	20	5			Le carré des vins	Achat sur Internet
Venta Mazarrón	Espagne	Castille-Leon	Tierra del Vino de Zamora	rouge	2005	75 cl	2008-12-03	9.75	9.75	1	2	5	10	0	Rôti, viande: grillée, fromage: mûr, servir entre 16 et 18°	Denner Genève.. . Vino de la Tierra de Zamora, Espagne. 91 points Robert Parker (millésime 2005)		Non défini
Verýsek - Velka cervena slipoka	République Tchèque	Moravie	Moravie	rouge	2022	75 cl	2025-10-09	0	0	1	1	1	5	1			offert par Michal Snitily	Cadeau
Verýsek- Sauvage	République Tchèque	Moravie	Moravie	blanc	2022	75 cl	2025-10-09	0	0	1	1	1	5	1			Offert par Michal Snitily	Cadeau
Veuve Fourny &amp; Fils - Brut Nature - Premier Cru - Blanc de Blancs	France	Champagne	Champagne	blanc effervescent	-0	1,5 l	2025-11-08	0	0	1	1	2	10	2			Cadeau Nathalie anniversaire de mariage 2025	Cadeau
Vieux Château Chambeau	France	Bordeaux	Lussac-Saint-Emilion	rouge	2001	75 cl	2008-03-19	5.99	5.99	0	1	4	12	0		Aldi		Non défini
Vignerons Ardéchois - brut de chardonnay	France	Autre région	Vin mousseux de qualité	blanc	-0	75 cl	2023-09-30	9	9	0	3	1	2	1			néovinum Ruoms	Caviste
Vignerons des Terres Secrètes - Secret de la Vigneronne	France	Autre région	Vin de Table - Vin de France	blanc liquoreux	-0	75 cl	2015-08-04	0	0	0	1	1	3	1			Offert par Laurent et Dominique	Cadeau
Vignoble de Gascogne, Batz d'Autan	France	Sud-Ouest	Saint-Mont	blanc	2006	75 cl	2008-01-17	4.1	4.1	2	2	2	5	0		Auchan		Non défini
Vignoble du Rêveur - Pierres Sauvages	France	Alsace et Lorraine	Alsace	blanc	2019	75 cl	2021-10-17	14	16.5	1	3	1	5	1		par Franck	diotvino	Achat sur Internet
Vignoble du Rêveur - Singulier	France	Alsace et Lorraine	Alsace	blanc	2018	75 cl	2020-02-23	18.5	18.5	0	1	1	5	1	Macération carbonique de Riesling et Pinot, d?une durée de 10 jours. Puis vinification en foudre, sans correction ni levures du commerce, élevage d?un an sur lies. Mise en bouteilles avec une très faible quantité de soufre.. Accord mets/vin: un vin étonnant, à accorder. sur des viandes et dans plats d?automnes	Sans soufre.. C?est un vin avec des arômes assez inhabituels d?abricots et de fleurs blanches, avec une bouche pleine et légèrement tannique en finale. C?est un vin sec, ou l?acidité est assez fondue, et sans agressivité.	par Franck	Non défini
Vignoble du Rêveur - Un Instant Sur Terre	France	Alsace et Lorraine	Alsace	blanc	2018	75 cl	2020-02-23	27	27	1	3	1	5	1	Vin profond, plein de matière et d'un longueur exceptionnelle. Laissez tomber les repères. La bouche, tactile, s'exprime avec complexité et élégance.. Accord mets et vins. Vin de dégustation mais gastronomique. Oeuf parfait, cuisine asiatique, cuisine expressive.	Vignoble en Bio et en biodynamie. Macération de 6 mois en amphore, mise en bouteille sans soufre, sans filtration	par Franck	Caviste
Vignoble du Rêveur - Un Instant Sur Terre	France	Alsace et Lorraine	Alsace	blanc	2020	75 cl	2023-02-19	0	0	1	1	1	15	1		Offert pat Mathieu Deiss	Bergheim	Cadeau
Vignoble du Rêveur - Vibrations	France	Alsace et Lorraine	Alsace Riesling	blanc	2018	75 cl	2020-02-23	16	16	0	3	2	10	2	vinification en foudre, sans correction ni levures du commerce, élevage d'un an sur lies. Mise en bouteilles avec une très faible quantité de soufre.. Accord mets/vin: à servir avec une sole. meunière, un tartare de saumon ou des huîtres. 	Vin de fraîcheur, avec une belle acidité citronnée. Bouche tendue, précise, vibrante.. 	par Franck	Caviste
Vignoble du Rêveur - Vibrations	France	Alsace et Lorraine	Alsace Riesling	blanc	2020	75 cl	2021-10-17	16.5	16.5	3	4	2	10	2		pas Franck	diotvino	Achat sur Internet
Vignoble MC Roch - grains passerillés	France	Sud-Ouest	Vin de Pays du Lot	blanc liquoreux	2006	50 cl	2008-08-19	0	0	0	1	2	15	0	foie gras, bleus, gateaux aux noix, melons...			Non défini
Vignoble Yvan Bruneau La Genetière	France	Vallée de la Loire	Saint Nicolas de Bourgueil	rouge	2008	75 cl	2009-09-10	4.95	4.95	0	2	1	5	0		FAV Carrefour 09-2009		Non défini
Vinaria DAC - Balada	Moldavie	Codri	Codri	blanc	2017	75 cl	2021-12-24	0	0	1	1	1	5	1			offert par Nina; Noël 2021	Cadeau
Vina?ství Hlavinka, Mu?kát Moravský	République Tchèque	Moravie	Moravie	blanc	2007	50 cl	2012-06-15	0	0	0	1	1	7	1		offert par Alex	offert par Alex	Cadeau
Vinarstvi Kubik - Rulandské Modré	République Tchèque	Moravie	Moravie	rosé	2008	75 cl	2011-02-27	0	0	0	1	1	5	1		Offert	Tomas	Cadeau
Vincent Couche - Perle de Nacre	France	Champagne	Champagne	blanc effervescent	-0	75 cl	2014-08-27	23	23	0	3	2	10	2			par Franck et Cécile	En direct du producteur
Vincent Couche - Rose Désir	France	Champagne	Champagne	rosé effervescent	-0	75 cl	2014-08-27	26	26	0	3	2	10	2			par Franck et Cécile	En direct du producteur
Vincent Courlet	France	Savoie, Dauphiné et Bugey	Roussette de Savoie Frangy	blanc	2011	75 cl	2013-03-02	5.95	5.95	0	3	1	5	1			carrefour market Cruseilles	Agent / Représentant
Vinium - Frankovka	République Tchèque	Moravie	Moravie	rouge	-0	75 cl	2012-01-22	0	15	0	1	1	5	1	Robe rubis aux reflets violets, des arômes de mûre avec un soupçon de cannelle, épicé et fruité avec des saveurs acidité fraîche et une teneur plus élevée en tanins. Servir la venaison, viande rôtie, la maturation du fromage blanc (16 - 18 ° C).	Offert par Tomas et Lucie	Offert par Tomas et Lucie	Cadeau
Vino Botur - Frankovka	République Tchèque	Moravie	Moravie	rouge	2015	75 cl	2023-08-06	0	21	1	1	1	15	1	On conseille le vin avec des canards rôtis, des oies et des viandes grasses, ou du chevreuil.	Frankovka a une couleur brique profonde distinctive avec des reflets bleus.. Au début, l'arôme est légèrement caché sous des notes de fruits bleus à noyau, mais après un certain temps, il se développe en une large gamme d'arômes de fruits secs, de raisins secs et de confiture.. Le goût est typé avec une expression typique du caractère du cépage et de la région d'origine des raisins. Un corps ample avec une note persistante de confiture et de fruits secs avec une légère touche de chocolat noir.	offert par Michal Snitily juillet 2023	Cadeau
Vino Botur - Rulandské Modré	République Tchèque	Moravie	Moravie	rouge	2013	75 cl	2023-08-06	0	15	0	1	1	12	1	Nous le conseillons avec les viandes rôties, les entrées froides à base de gibier et les viandes rouges.	Le vin a une couleur brique typique du pinot.. L'arôme est dominé par la note de fraises du jardin trop mûres, qui sont ensuite complétées par l'arôme d'amandes amères et de vanille.. Le goût est extrêmement plein, mais en même temps doucement velouté avec une touche de vanille.. . 	Offert par Michal Snitily juillet 2023	Cadeau
Vinya Ivo - Pirata	Espagne	Catalogne	Catalunya	rouge	2016	75 cl	2018-07-15	12.5	12.5	0	3	2	5	2				En direct du producteur
Vinya Ivo - Pirata Capitan	Espagne	Catalogne	Catalunya	rouge	2020	75 cl	2023-10-08	40	40	5	6	2	20	10		40 en primeurs 58 prix public	Primeurs proposés par Ivo	En direct du producteur
Vinya Ivo - S'Alqueria	Espagne	Catalogne	Ampurdán-Costa Brava ou Empordà	rouge	2006	75 cl	2016-07-02	30	50	0	3	1	10	1		Par Franck.. Ivo Pagès est un ami.. J'ai bcp aimé celle que j'avais goûtée	Allonzier La Caille à la maison	En direct du producteur
Vinya Ivo - Sirene de Cadaqués	Espagne	Catalogne	Ampurdán-Costa Brava ou Empordà	blanc	2017	75 cl	2018-07-15	11	11	0	3	1	5	1		Contient même du gewurztraminer	Vins dans mon jardin	En direct du producteur
VSM - Cabernet Sauvignon	République Tchèque	Moravie	Moravie	rouge	2003	75 cl	2010-10-23	10	10	0	1	1	10	1			caviste familial Prague (wine bar)	Caviste
výb?r z bobulí botrytický sb?r	République Tchèque	Moravie	Moravie	blanc liquoreux	2006	75 cl	2013-07-12	0	10	0	1	1	12	1	Supposé ne pas être trop liquoreux	Offert par Alex. Petit producteur à priori qui vend ses vins aux grands noms (présidence tchèque ?)	offert par Alex	Cadeau
Walden	France	Languedoc-Roussillon	Côtes du Roussillon	rouge	2007	75 cl	2009-09-15	6.99	6.99	0	2	2	6	0		FAV Auchan 09-2009		Non défini
Wegeler - Riesling - Jesuitengarten	Allemagne	Rheingau	Rheingau	blanc	2015	75 cl	2018-03-18	29	29	1	3	1	10	6			foire delissime Annecy le Vieux	Salon de vignerons
Wegeler - Riesling Spatlese - Rudesheimer Berg Rottland 	Allemagne	Rheingau	Rheingau	blanc	2013	75 cl	2018-03-18	34	34	2	3	1	20	10		Cher quand même, à voir si ça valait le coup...	foire delissime Annecy le Vieux	Salon de vignerons
Weingut Huber - Grüner Veltliner Terrassen	Autriche	Niederösterreich	Traisental	blanc	2016	75 cl	2018-05-17	13.9	13.9	1	6	1	5	1			1jour1vin	Achat sur Internet
Weingut Jos. Christoffel Jr - Graacher Domprobst Riesling Auslese	Allemagne	Mosel-Saar-Ruwar	Mosel-Saar-Ruwar	blanc	1994	75 cl	2011-05-03	16	16	0	3	5	20	15		Voici le riesling auslese 1994 de Jos. Christoffel Jr en provenance du terroir de Domprobst sur la commune de Graach. Sur ce grand millésime, ce vin s?exprime avec élégance et intensité, mêlant des arômes de fruits mûrs à des notes de miel et d?épices. En bouche, le vin est équilibré, entre une belle concentration des sucres (60 g/l) et une finale tendue et aérienne. Délicieux dès à présent, ce riesling auslese peut également se conserver de nombreuses années en cave.	Caveprivée.com	Achat sur Internet
Weingut Jos. Christoffel Jr - Wehlener Sonnenuhr Riesling Auslese	Allemagne	Mosel-Saar-Ruwar	Mosel-Saar-Ruwar	blanc moëlleux	1995	75 cl	2011-05-03	15	15	0	3	1	20	15		Le millésime 1995 a eu la chance d?être marqué par deux grandes qualités qui caractérisent les grandes années : la maturité et une belle structure acide. Vous découvrirez donc un Wehlener Sonnenuhr Riesling Auslese ** complexe et parfaitement équilibré entre les 59 g/l de sucres résiduels et la fraîcheur. Du haut de ses seize ans, il commence très bien à se déguster et pourra également évoluer de nombreuses années en cav	Caveprivée.com	Achat sur Internet
Weingut Jos. Christoffel Jr - Wehlener Sonnenuhr Riesling Auslese	Allemagne	Mosel-Saar-Ruwar	Mosel-Saar-Ruwar	blanc moëlleux	1996	75 cl	2012-01-19	20.5	20.5	0	3	1	20	15			Caveprivee	Achat sur Internet
Weingut Jos. Christoffel Jr Graacher Domprobst Riesling Spätlese	Allemagne	Mosel-Saar-Ruwar	Mosel-Saar-Ruwar	blanc liquoreux	1999	75 cl	2011-05-03	10	10	1	3	5	20	15		L?année 1999 a connu un été chaud, avec en septembre quelques pluies, vite effacées par un doux mois d?octobre, ce qui a permis parfois l?apparition du botrytis. On retrouve donc ici un spätlese 1999 aromatique, doté de jolies notes de fruits confits. En bouche, les 46 g/l de sucres résiduels sont présents mais bien intégrés dans un ensemble ample, généreux, soutenu par une élégante fraîcheur. Vous pouvez apprécier ce vin dès à présent, ou bien le laisser évoluer encore quelques années en cave	Caveprivée.com	Achat sur Internet
Weingut Josef Christoffel Jr Riesling Spätlese	Allemagne	Mosel-Saar-Ruwar	Mosel-Saar-Ruwar	blanc moëlleux	1994	75 cl	2009-10-29	14	14	0	3	1	20	0		Millésime 1994 : autre très bon millésime. [?] Fruité et haute acidité. Les vins se boivent bien maintenant, mais peuvent se garder.		Non défini
Weingut Wittmann - Riesling Auslese	Allemagne	Rheinhessen	Rheinhessen	blanc	2015	50 cl	2019-03-13	28.9	28.9	2	3	1	15	5			1jour1vin	Achat sur Internet
Wunsch &amp; Mann - Tendre Passion Gastronomique	France	Alsace et Lorraine	Alsace Pinot Gris	blanc	2005	75 cl	2014-04-22	0	0	0	1	4	5	4			offert par Muriel	Cadeau
Y du Château d'Yquem	France	Bordeaux	Bordeaux Supérieur	blanc moëlleux	2016	75 cl	2017-12-03	135	135	1	2	1	15	10			Carredesvins.com	Achat sur Internet
Yannick Alléno et Michel Chapoutier 	France	Vallée du Rhône	Côtes du Rhône (Septentrionales)	rouge	2020	75 cl	2022-11-12	0	0	1	1	2	5	2			offert par Caroline Winder (sortie VTT fondue)	Cadeau
Yves Balsollier - Le paillon d'Yvon	France	Savoie, Dauphiné et Bugey	Vin du Bugey	rosé	2007	37,5 cl	2009-03-24	0	0	0	1	1	3	0	Apéro, dessert, frais (15°) ?	Offert par Yves Ruaux au boulot		Non défini
Yves Girard Madoux	France	Savoie, Dauphiné et Bugey	Vin de Savoie Chignin-Bergeron	blanc	2007	75 cl	2008-05-03	6.5	6.5	2	4	4	15	0		Par Franck Merloz		Non défini
Yves Girard Madoux - Mondeuse	France	Savoie, Dauphiné et Bugey	Vin de Savoie	rouge	2007	75 cl	2008-05-03	5.5	5.5	0	6	3	12	0		Par Franck Merloz		Non défini
Zeni - Bardolino Classico Superiore	Italie	Venetie	Bardolino Superiore	rouge	2016	75 cl	2018-12-01	2.5	2.5	0	1	1	5	1		pour marinade...	kdo réunion capitaine tortue	Cadeau
Zimmermann - Grand Cru Praelatenberg	France	Alsace et Lorraine	Alsace Riesling	blanc	2023	75 cl	2025-08-02	0	0	0	1	2	10	2			offert par Eric, juillet 2025	Cadeau
